x1,x2,x3,x4,x5,x6,y
-1.0,0.37100977079220254,-0.582001906897259,-0.9382907224701741,1.0,1.0,8.634634923962578
-0.4088733918549312,-1.0,0.12230077786167975,-1.0,-1.0,-0.5607926694546008,6.869572421417162
0.3231195925546415,-0.6321101217586146,0.11934591829498176,0.0035755574600678797,0.9878138822317859,-0.057277042818216065,-0.5931136464940222
0.1679927086388211,0.5442118132154421,1.0,1.0,0.03869083469556167,0.4429550051485894,-3.757438865789181
-1.0,-1.0,-0.513075885360256,-0.22193708565603476,0.9932032814158336,0.31619638202239836,-0.6096413452901385
0.9946040987585203,0.5536973206569156,1.0,0.3707263612255909,0.3595437090361508,-0.47173234565551353,-1.5315486066801935
0.46606893201061506,-0.511742475005204,0.09152137568246088,0.1334023637687785,0.12744668396088105,-0.1672895569011108,0.9030430521789634
-0.7131054386192002,0.5546621654141342,-0.8513761027372149,-1.0,0.5592470164030269,-0.25769928473568177,0.5165773027600975
-0.11999288931265406,-0.8494440781991528,-1.0,-0.958955925675729,-0.27681309509881413,0.3404314980621908,-1.7761758456835517
0.3579927408417556,-0.36526495367566036,-0.07696849299260788,1.0,0.48237112786607933,-0.34996926433923564,-0.6854040099760776
-0.5863105617454005,0.7533327451200628,-0.9555101170615732,0.686541458594314,0.48543915433182916,1.0,9.762220723597796
-1.0,-0.34511887649123785,-1.0,-1.0,0.6140147839665009,0.15853626775402985,-2.6160022130957072
-0.0028138664162453697,0.6038604785123526,-0.28699791075151126,1.0,-1.0,0.296565712694821,1.1877809026916972
-1.0,-0.5814385641376412,-1.0,-0.8999120916746539,-1.0,-1.0,3.18345658560347
-1.0,-0.021378110975287745,-0.7261932767098572,-0.9413577465947619,-1.0,-0.24954069799269402,-1.7314831513592566
-0.04662485777606462,-0.7754980428967619,-1.0,-0.5053777011542175,-0.9286545253867863,-0.38568824732107776,-0.0728133489211078
-1.0,-0.5963045671612083,0.1943333581661909,-0.4473415368023613,-0.34435221995024556,0.10857332287261579,-1.0674641193166956
1.0,0.7957451294461291,0.8785849040073626,0.8581452956896471,1.0,1.0,-6.28261453118235
-0.4809969871249782,0.08320557739378559,-1.0,0.32901681084955037,1.0,1.0,8.930693827413046
-0.5885726039542128,0.6149035681683681,0.9534979686296441,-0.37547021094266486,1.0,0.44547762375748545,-0.5366754308996333
0.3533583194526336,-0.11351578190592215,-0.022246613558564055,-1.0,-0.7115589869189537,0.11189242742758365,1.4198570942412923
-1.0,-1.0,-1.0,-0.5719399566003489,-1.0,-1.0,1.7630564398464708
0.49412962658955506,0.4241754764349708,0.10448175385104896,1.0,0.9425459089199946,1.0,3.1398612595495328
-0.8358220352545844,-0.4746569636433535,-0.7633778906619229,-0.7434398682673407,-0.8730241261621566,-0.34737467729233673,-1.512380221579325
0.06399853048213466,-0.21352776515574767,-1.0,0.8041252715489319,0.28237710177158093,1.0,6.455138528955749
-0.21962910804353108,-0.0016402087281824906,0.11041965460516812,-0.596878675214954,1.0,1.0,4.53957812695224
-0.14678270880729638,1.0,1.0,0.4794531235143964,0.5843405814968275,0.4848351580449961,-3.8446133908790676
-1.0,-0.198530857080239,0.7055652698844014,0.07878683208608289,-0.4270613022478772,-0.7383735786959429,0.9993518021882541
-1.0,-0.47497788689034326,-1.0,-0.3401436390409468,-0.3692177625607209,0.7715066769249679,1.3291243263901762
-0.1598941186114411,-0.4605423381971582,-0.7213591953289573,-1.0,-0.8340869039205254,0.05864903846262516,0.6817245348133035
0.03364644687026236,0.5816789169283805,1.0,0.43344459665634805,1.0,1.0,-1.0680012799095304
0.22076066946405248,0.7348647252009772,-1.0,0.5592224053450461,-0.7647541609303871,-1.0,4.069775827471841
-1.0,-0.5579399258245269,-1.0,-1.0,-0.02021338463043998,-0.6473719899498862,0.313486013491822
0.73830488041238,-0.11565561381208633,0.21785884372722153,0.6110103110563092,0.6168783991059079,-1.0,1.7143561045752738
-0.08450791957896076,1.0,0.30695254758081675,1.0,-0.8549158053521151,0.5433097269323706,-0.40443812398179335
0.24005623713953939,1.0,1.0,1.0,0.01916109341602404,-0.6041921219123088,-2.2398082128043275
0.8323956254140801,0.2118566574351547,1.0,0.8824269972791394,0.8932210109815051,0.2656096453214606,-5.249105450621856
-0.3250597272441995,-0.2083422888799543,-0.6928168037952274,-0.5999925330808498,-0.44853768074934597,-0.014523811948376819,-0.809803403250797
0.5552621816873434,-0.16781635961883573,0.03810042884761922,-1.0,0.9062111259975079,0.9194507573138452,1.6056771414147246
0.42398347876279224,-0.80325394036648,-1.0,-1.0,-0.3200343431865702,-1.0,4.3587487806605
1.0,-0.7812818900632472,-0.662294102533826,1.0,0.08641694144861176,-0.17895661547037633,-0.5069336268927406
0.012196730444013149,1.0,0.5281561822843575,0.8329145838438006,-0.6869762808269121,0.5728443915742316,-0.2882216471876919
1.0,1.0,1.0,0.5083265067868654,-0.2621035797574375,0.3401725995898287,-1.5835116321977654
-1.0,-0.11214383430463981,-1.0,-0.07694533848447038,-0.6134795624010358,-1.0,3.922092613828739
1.0,1.0,0.5544500547302353,1.0,-0.4800383161607099,0.44119389154663513,1.550372626663484
-0.03163787669161933,-0.9944741971740262,0.762483706914658,-1.0,-1.0,-1.0,10.294373868507538
-1.0,-1.0,-0.7156592431103209,-1.0,-0.6698007029039816,0.9846773346849587,0.07030230241370483
-0.3389918076781887,-1.0,-1.0,-0.13813285525548613,0.7929353597911797,0.5981597483568982,-0.9283764745972344
0.8280955905982197,1.0,1.0,0.0005171553190284062,-0.5799997246553257,-0.9387763551827983,0.7830273641367256
-1.0,-0.836784011235888,-1.0,-1.0,0.4295228342322265,1.0,-0.09102530051324081
0.7197173828554521,-0.9428245893391929,-0.34915473611992687,0.11533122995691147,-0.3693723222753571,-0.7484877561379986,2.2879578634993973
-0.9882813261545679,0.1985482249566064,-0.8399074809121825,-0.9309682581335301,-1.0,-1.0,0.2663512261218166
-0.8305773960952332,-1.0,0.07910220556439858,-0.9329019734870387,0.9340577911131407,1.0,2.0786872513574717
0.639182555351012,1.0,-0.41072073999201675,-0.794560556603901,0.9401739257997646,1.0,7.487719142147099
1.0,0.1263301997124373,0.7664777044019782,0.5122910399751586,0.9174785419927336,0.7970898627945657,-3.7732831925671064
-0.08596647979174621,-0.21692625837293789,-1.0,-1.0,1.0,0.19185333355922465,-0.4412852336822169
0.07369236356713971,0.35929145809465046,0.04493779193873659,0.399582483927147,0.18564169886875181,0.8718687221310708,2.629750191113766
-0.48244249834661923,1.0,-0.3470980964182313,0.5944994787387781,-0.5205537119856622,0.11430822332175544,0.3290250230927566
0.20013776258395988,0.2503717509586968,-0.23014645095024797,-0.00659082635392691,0.5027740001789334,0.3716792077645614,0.4938073407229734
0.12513633168400773,-0.291715133341375,-0.8778821422660673,0.6523120286505327,0.4081654186115008,0.2714942980385955,0.18700715906074938
-0.6365983399431229,0.4789913643065193,-0.18273213935378946,-0.42732784682041625,-0.043004349375013684,0.4013176916256559,0.42127311769576514
1.0,1.0,0.16343658367057357,1.0,1.0,-1.0,0.7042319275999163
0.16926171711753946,0.45760217385442625,1.0,1.0,-0.932204157099823,-0.21282684657832346,0.9682030502533964
-1.0,-0.30133860358117076,-1.0,0.0909112838939179,-0.15607749966231044,-0.166712249330367,-1.0002144063267457
-1.0,-0.2694787487499648,-0.3946509046469151,-0.5997185308924322,0.4912542649100462,-0.4813709048657665,2.379078753409288
0.29707107692268747,-0.01326640279092442,-0.1938294740495669,-0.11643383141988775,-1.0,-0.369056511174779,1.519648239856133
-0.055115092822913186,-0.6931735549529701,-0.1126248440193569,-0.40422885574398754,0.007034757894923915,-0.7108062545489279,2.3279093402787527
0.6754692409482803,0.6797946248236129,0.19514540697510752,1.0,-0.8960390634214976,-0.3238017693243967,3.9162584058375556
0.42328847298150846,1.0,0.2098627148953528,-0.9624993555753982,1.0,0.7291777277508031,4.592374699810275
0.2071435339193805,-0.1429389895314801,-0.011237536001559079,-0.39267418078073746,-1.0,0.19817896321385345,1.7818988451100553
-0.3903865334105299,0.724532150502509,1.0,0.33138702144682763,0.17874240032571231,0.30756523141818504,-2.2221481515147494
0.08418193717107206,-0.49431939938247793,-0.33237795756790356,-0.07660882526468449,0.896522503834047,0.9330609111222876,1.8151082100541682
-1.0,-0.567385991153877,-1.0,-0.07727302439013234,1.0,-0.6921332787043288,0.4601879094468247
0.954262534572748,0.7505625056319544,1.0,-0.10399782657179168,1.0,1.0,-3.3393653795587532
0.2544577864834124,-0.1810487821995845,0.6909740837431366,0.11116865162905998,-1.0,-0.2972131373477457,1.1401573698589071
0.6379204984177472,-1.0,-1.0,-1.0,0.9332511944134647,-0.843232219293589,-1.972245944775297
-0.38302637546879537,1.0,1.0,0.7721154041759608,0.8474453429053491,-0.38395856923363036,-4.205143179209555
1.0,0.7769270943611037,-0.5097922036006491,-0.11994982836546936,0.2956775069518565,0.48383936773672864,0.8673212894812925
-0.02978863701980214,-1.0,-0.8748388487882468,0.6809049764148455,1.0,0.5408716321166482,-2.381906359947836
-1.0,-0.392335727531848,-0.6651701882976244,-1.0,0.059395383194320334,0.3578150972993444,-1.121128976970209
-0.4455221363591592,-0.09547292450456196,0.6610550359921732,-0.12019469063292741,-0.19657351426402703,-0.8179367594588047,1.71280884800631
-1.0,-0.24678179022625946,-0.22880251602291635,-1.0,1.0,0.6685569829270814,4.320290171147143
0.3954884640462393,0.6571337303893905,-0.36517809091471615,0.4293855798369921,0.9333314434168747,0.7351993324891546,2.0755829680888596
0.7411928515791386,0.42193687547173897,0.7176703277700538,0.23327844552874466,-0.7284298304450938,-0.27718619353531504,1.516268268915805
-0.8788375663804217,-0.24650029087208702,-1.0,0.7989013960718714,1.0,0.9920421294375945,9.548677972868203
-0.353062121852907,-0.23506320030046224,-1.0,0.4761922397420204,-0.18662615358476153,1.0,6.280510259709694
0.20127706930533984,0.5834960992782536,1.0,0.33850320645313015,0.7000419122834354,0.2163491063142342,-1.1758478224434759
-1.0,-1.0,-1.0,-0.11377305112971775,0.1077854478514503,1.0,1.5075769887673827
-1.0,-0.8312193569237754,-1.0,-0.8719107481324653,-1.0,-0.22867259905873294,-1.907893114949668
0.5102175228232162,1.0,0.3946501261931603,0.15594942822342106,1.0,0.5202577192808311,-0.3308771066980021
-0.4161622859319156,-0.5220083576982137,-0.4726327962449408,0.5560213807914263,1.0,0.48926069922570814,2.1214409684738067
-0.5523337049494945,-1.0,-1.0,-1.0,1.0,0.4841662587056479,-5.275356413343029
0.5080507518132691,-0.10588463401000989,-1.0,1.0,-1.0,-0.9382954429497103,2.9114779095251313
-1.0,-0.476390539182874,-1.0,-0.8458813884969656,1.0,1.0,6.109643456530745
-0.2446683113036957,-0.8702248283235731,0.020231138992116787,0.16878063611440802,0.4050471616730791,-0.3655956584203111,0.9050875250654061
-1.0,-0.9668062219492157,0.7652719032752365,-1.0,-0.6217092970019862,-0.6239976971718508,3.873650602055602
-0.11116951909200035,-0.5916457006479884,0.5785803412248418,-1.0,-0.19413902389187365,0.7650307581578748,-0.5430914310292855
-1.0,-0.22663234286017747,1.0,0.3570682768956418,1.0,0.164011333900264,-2.4103032143227994
-0.8743760780558147,-0.2601906518839454,-0.27402937500511726,-0.9586668648917449,1.0,-0.18943836465557048,4.640470407892961
0.1282731719047574,1.0,0.7649383000866121,-0.43851889967702135,1.0,0.5826348360609221,-0.062037273948924415
0.5696481479320169,-1.0,-1.0,-0.44467831932835716,-1.0,-0.9309350241896389,4.156653500301337
-1.0,-1.0,-0.36720354076020933,-0.5849675893493804,-1.0,-0.5533152432699244,0.5198986486559947
0.4149961375882316,0.04695038077246827,-0.6214287932423966,-0.8234203357871892,-0.9563738880729316,-1.0,2.641660044580022
-0.552200491404376,0.40279221606116944,1.0,0.6944357236150245,1.0,1.0,-0.8884864085662986
1.0,-0.9045415197511343,0.10252183412851867,-0.9047452008181165,-1.0,-0.6763266848946873,11.452163352327181
1.0,0.8160432056860007,1.0,-0.27227101267552123,1.0,0.34858244042555975,-3.2109146352681064
-0.9372429274422163,0.061787545660460186,-1.0,-0.7422471429261643,-0.790534936276637,-1.0,1.917847545170263
0.8699962524490079,0.853529236206753,-1.0,0.8433745184991526,-0.9652556732781531,0.024885662203922188,5.410234309348619
1.0,1.0,1.0,0.11238043011914728,-0.6508036717987349,0.45201179318110096,-1.5637786091190249
-0.18003479413627044,0.7233322977495484,1.0,0.4143206100666842,1.0,-0.14321754986657664,-1.941405847056318
-0.3678366349531016,1.0,0.9582217737194308,-0.19429662126051295,-0.6353919348010438,-1.0,-3.1777932535320046
0.6874886632780286,1.0,-0.22269208521451012,1.0,0.7920239837840711,-0.24164534160504447,-0.7195089836027726
0.635575565050449,-0.8402945821644467,-0.5155463833371046,-0.4835464682418787,-1.0,-0.5598061332414139,3.5250001720831228
0.004386103402168495,-1.0,-0.4454530279368124,0.399894327944818,1.0,1.0,2.8843523385094216
-1.0,0.2991821467862942,0.17983162360430072,0.17579144097667193,-1.0,-0.2303514093808523,-2.325281915876214
1.0,1.0,0.34881496766404846,-0.3573465440832132,-1.0,0.3013825523755704,3.417833308473228
1.0,0.4126998206091975,1.0,1.0,-0.27953556748268027,0.9332086262088388,-1.516430652644096
1.0,0.3763910012693392,1.0,0.1022002210253638,-1.0,1.0,3.0717385328395226
0.923623775152175,0.862304319195677,-1.0,-0.5179579742080789,-0.6158516908197557,-1.0,3.9924695231527783
1.0,1.0,-0.06591796656846793,0.1243414726669203,-1.0,-0.4588580171234533,4.3678866066102175
1.0,-0.8605487449420435,-0.545761987323926,-0.3056348376611402,0.6126283361406004,-0.6837629602163139,-0.6365180714511294
-0.004728174852589528,0.3695285141085954,0.2965149891262877,-0.04561480833185505,-0.8063705047495333,0.9867125730340206,2.325986699319356
-1.0,-1.0,-1.0,-1.0,-0.8586732257007166,0.4698874731186759,-3.4272851351994946
0.3245996636121553,0.027559008424650533,-0.08738331297517632,-0.9535881876892958,-1.0,-1.0,3.8157224697644225
0.27847924796553075,0.11018957899630913,-0.5135232781040995,0.008640807016727203,-0.8522679846740936,-0.5192522432669853,0.4543386314086447
-0.38791240965322843,0.1253560322476165,-0.43548710327292933,0.07125917109013452,-0.22543341268033923,-0.280831592921035,-0.11370788410508464
-0.43489677799679294,-0.9148942570693852,-1.0,-1.0,0.5849659330384469,0.5373676598927788,-3.9451478855424127
-1.0,-1.0,-1.0,-1.0,0.5530496285089911,0.8200665912793919,-4.450685863433034
-0.3032412543853968,1.0,-1.0,1.0,-1.0,0.8533815544102806,6.033332784080354
0.021959509344602557,1.0,-0.6648502603826454,1.0,-0.24770744168196032,-1.0,4.81224798797411
0.6754870499072178,0.9981749675499996,0.46978099015518393,0.8010227234856335,-0.08295944676584177,-0.6155897317022044,0.5893105357326353
-0.628234105440479,-0.6602298564759418,0.27429291713716003,-0.5121417475383399,0.05327509291878174,-1.0,4.795424556320454
-0.3122612817287118,-1.0,0.31822036341567583,0.2985558746164891,-0.3175102665521884,0.8095008105536302,0.6598905226015332
-0.5853600900324111,-1.0,-0.1621363261462272,-0.603815789775509,-1.0,-1.0,3.872952393462982
0.052031056012105004,0.4157904768825216,-0.7712344999312434,-0.09511769719204904,1.0,-0.20821714427873927,-0.14838957359003846
1.0,-0.06948918508253182,1.0,-0.05054190720963364,-0.35119018261771506,-0.6543818885390382,3.937472006444872
-0.09654015149794454,-1.0,-0.2934196047989429,-0.07783523306748534,0.6881402273997266,0.16470201235124482,-0.6064740285302135
-1.0,-0.4724166333413611,0.9924286651877048,-1.0,0.9565144600252758,1.0,-1.814134563867962
0.691092580821372,1.0,0.1071205064187781,1.0,1.0,-1.0,-0.34905805228182174
0.8606412375088706,0.11546688305260161,0.06025642895263772,0.8167704099025297,-0.5011074316241604,0.8234060836226998,2.92432732427054
-1.0,-0.7708888305884282,0.622327198482836,0.5883775377259883,1.0,1.0,3.4518025271908934
-0.45656003996011696,0.0755599251783281,0.7803401824682105,0.09902385620087484,-0.23070606998901644,-1.0,4.103275140439262
0.9144630869204343,-0.6294099745897341,0.1337101043749403,1.0,-1.0,-0.38820044211155236,5.536681671841174
-0.09828593132977792,-0.7408249134355243,-1.0,-1.0,-1.0,-1.0,5.11109841660138
1.0,1.0,-0.30685332389327247,-0.23564646017054786,0.056012591848147664,0.8845441930571496,4.13597678653755
-1.0,-0.582473659140039,-0.7635587600067245,-1.0,-0.06780931409115798,-0.6148039150577388,0.2922827777185234
0.4442943420967953,1.0,1.0,0.08652221354847733,-0.26093114358870756,0.4216858068559144,-2.6754562301786553
-0.23021467130137985,-1.0,-1.0,0.18998358284577094,-0.12559939155031163,0.5471937034774906,-1.132144205955362
-1.0,0.45791270230615805,-0.05754828948306075,0.728563508528349,1.0,1.0,7.44484012493776
-1.0,-0.721589473899604,-0.4894331277101251,-0.3520707555258148,-0.5303966151957712,-0.6786947774010734,0.1386483364145683
0.3597814828957533,0.25832899644180474,1.0,1.0,1.0,0.4157984236899266,-3.9462667280933625
0.27680396552378483,0.1598796138797447,0.8488788623351338,1.0,0.6781318770052684,0.8713684774645345,-1.9712653970636538
0.028575698766610258,1.0,0.9270218650734519,0.0017649670048194288,-1.0,-1.0,-3.065568941308147
-1.0,-1.0,-1.0,-0.8016433112451221,-0.8087713135197658,-1.0,2.6374219575060818
-0.823807928695694,-0.02219578924812249,-1.0,-1.0,0.6352954375591204,1.0,7.7618487670887175
-1.0,-1.0,-1.0,-0.6320055757447054,-0.5729952891921772,-1.0,3.2050081916160833
-0.8391144541741573,-0.43654242038719837,-1.0,-0.8616977904854815,-0.13150271435997374,-0.25664677711386946,-2.199051454447098
1.0,1.0,1.0,1.0,-0.15791106821879364,0.1920014086558065,-2.1549990305114117
0.3093207322227607,-0.3923568354342192,-0.6488851116843397,-0.06526221022746573,-0.9609828833882295,-0.026726365814316533,1.1086241172288736
0.9560223528590981,1.0,1.0,1.0,1.0,0.06021102618250451,-7.67662669091958
-0.5987009390298521,0.2860738602372369,-0.8966315221312003,-0.4319039108933612,0.8248386271458272,0.9674261159226158,7.829830247883451
0.9233633575150353,1.0,0.6730073576082094,0.8491256365662383,-0.5703686814433654,-0.9838544167678979,6.5032639980959335
-0.9904943595098811,-1.0,-1.0,-0.9243599954831677,-1.0,-1.0,4.6642165818875085
-0.07994249113201463,-0.7824922388344169,-0.7173711054942649,-0.1865879253461198,0.6691699745508715,-1.0,2.8827453493295137
-0.25269126509449635,-0.5610138525114218,1.0,-0.34623212199590314,1.0,1.0,-2.0649719332152294
-1.0,-1.0,-0.6454932583630637,-1.0,-0.8900415048353723,0.3049384673049061,-1.3683410941296805
0.13865096310239267,0.33676800474616453,0.0720872105080298,0.03046785841706473,0.20700481231243706,1.0,3.3407820699307096
1.0,1.0,1.0,1.0,-0.39021249103168154,-0.996771101893974,5.632985838595002
-0.12366176736471757,-0.9134716737734101,-0.49620411241478757,-0.8055332062852187,1.0,-0.7278600708710334,2.43981824233059
-1.0,0.37031060057848536,-0.19459810497571783,1.0,0.3895511413792825,1.0,2.98626728718353
-1.0,-0.9608196102493924,-1.0,-1.0,1.0,-0.672050810563781,-2.7017080650545267
-1.0,-0.7924571024695837,-0.08930366390414135,-0.6358417014551283,1.0,0.10203438963021416,2.4226547189288605
0.5858123632454907,0.22637648898805335,0.1267237441298208,-0.6004600960155042,1.0,0.37589965991289287,-0.8053005145489919
-1.0,-1.0,-1.0,-0.5370805653725792,0.04761699840693012,0.6223672635660216,-3.8210578724337583
-1.0,-1.0,-1.0,-0.0254659255423344,1.0,0.4475522701979555,-2.53043467440537
-0.5740356815884726,0.18900415878981036,-0.35515395784243936,-0.9743981351744112,-0.3378748314550247,-1.0,0.2606602135536815
1.0,-1.0,1.0,0.2692570079464405,-0.9785070583667865,-0.9876560302974335,12.568863337521805
0.5148719302954294,1.0,0.23537109396594108,1.0,0.32306429102370227,-0.9179725363101663,1.1296567663347394
-0.36467227146060543,-0.7188440596539036,-0.5816995427270758,-0.961393387163942,0.19048129448151294,1.0,1.4374876771708684
1.0,-0.058447448642592104,1.0,0.1981785922901429,0.8726892561802386,0.49927317457956166,-4.116741513252232
0.5042816976864619,0.8550267417401833,1.0,1.0,-0.5906861044297468,0.19668167086302635,-0.6072675088072369
0.07059945840852545,-0.24626276102378078,1.0,0.8863797260784674,-0.43005037974396987,0.555945411986758,-2.318943948149096
-1.0,-1.0,-0.8029582534370658,-1.0,-1.0,-1.0,5.389708926157222
0.06524900266236741,-0.11707139495753205,0.7463748790473536,-0.2055804918637546,0.9975604958239187,-1.0,1.9051656700793422
0.6229071911279037,0.788870566380963,1.0,0.6098492283964017,-1.0,-1.0,3.253477008746359
0.5050817517523387,0.5212198989665603,0.876167796050186,1.0,0.2948566746830374,0.09415238269931325,-1.9359399230564374
-0.11553078113381543,-0.4367267544476834,-0.6977678776066124,-0.25459133556349056,-0.41561760013120597,-0.4010181787583179,-0.4790051442104829
-0.23438528259175845,-0.3506338189484027,-0.32483617977591095,-1.0,1.0,0.9177938547268722,3.732500013034734
1.0,1.0,0.6943447832817483,1.0,-0.45880559671153676,0.6261978028678546,-0.3388986695596544
0.2903296313526702,0.27254962449297393,1.0,1.0,-0.23795591773226443,0.7949600073119139,-3.0947230345688976
0.6930539849096702,0.45984978876305094,1.0,0.501304803299817,-0.9593662780137512,-0.31784057628707496,3.103694422070154
1.0,1.0,0.5915094058239216,1.0,-0.11591039244065465,-0.24155064874591536,0.7169173156628005
-0.6577606899042654,0.7391671073885833,1.0,-0.6329290794210513,-0.635643258557141,-0.6945104283207435,-1.9514657146476067
0.8209342457290483,-0.29662651522432426,0.7579230427496874,0.9323197660724879,-0.4397382433265883,-1.0,5.70953660237819
0.8747890830125279,-0.063775206422507,0.17509110036616954,-0.16022650971867813,0.5444674535136864,1.0,0.5635469771321109
0.10949116101147799,-0.20199058911176304,1.0,0.6370183463540868,-0.41861833473414517,0.14963972517165944,-1.131170699282557
1.0,1.0,1.0,1.0,-0.4150617297851027,-1.0,5.362185870295392
-0.14223303652177421,1.0,1.0,0.3751840620774143,-1.0,-0.6318374329099301,-2.7314106779551373
0.08354010688740632,1.0,1.0,1.0,1.0,-0.0525975532382994,-7.067629837189509
-0.20318583155929992,-1.0,-1.0,-1.0,-0.9177568083260995,-1.0,5.675085672400744
1.0,1.0,1.0,1.0,-0.6459188550276577,-0.2093683292549282,3.4059033756648938
1.0,1.0,0.4622532365464985,0.8515608697699883,-0.020743289392497866,-0.026500213640172243,-0.6661539418723947
1.0,1.0,0.32854409215367664,1.0,-0.7976045277732808,-0.3324311562526303,5.0916441970938
-0.24285966883366805,-0.16300294127959486,0.3605800484741089,-0.9429867554165227,-0.9029160988993398,0.6719366999267837,1.4328764341394948
-0.5393099485347723,-1.0,-1.0,-1.0,-0.16256220431512525,-1.0,3.105661047152987
-1.0,-0.6355846119017774,0.09020839377102113,-1.0,0.6890233651421069,-1.0,8.525184312700562
1.0,-0.12123436193827358,0.6464453561710923,-0.42313141117953906,1.0,-1.0,0.06969641731482085
-0.30689854504362746,-1.0,-1.0,-1.0,-0.2146119169999935,1.0,0.6004761679485429
0.02942032887518775,0.45061418974092715,-0.050875696938914194,1.0,-0.08982795611676031,0.1538224339066141,0.07114081275404227
-0.36519516260558904,0.5733568568009786,0.3268920120289739,-0.16214318030049038,0.18198039913881647,0.8550640154128171,2.011083670618217
1.0,0.5243902447678175,0.816588299033686,0.08591072353648799,-0.05286638124592477,0.7355297686141813,-1.0507424541328985
-0.06844420994987477,-0.1043429594800028,-0.14676167818893426,0.09759366313567475,1.0,-0.28900903186368476,0.5465329910243135
1.0,1.0,1.0,1.0,1.0,0.8316523196311603,-9.913912751916914
1.0,1.0,1.0,0.0033854736242826533,-0.15308260791578798,-0.9916712547180253,0.5005872561659447
-0.40825144867045493,-0.737718917003459,0.5006995947558677,0.24072510526171698,-1.0,-0.5223731220210638,0.2866679675620772
0.3933831736851667,-0.31871833060609034,-0.3536949908980007,-1.0,-0.24388762550224352,-0.7807605255251403,1.9537460269757276
0.424683490143878,1.0,0.6227083941196028,-1.0,0.8671262263977642,-1.0,-1.297217968891319
-0.3518481213495649,0.03310219424184224,-0.014515210467200279,-0.8061258228154695,-1.0,-1.0,1.837192575657156
1.0,0.9036510406532624,0.872056692352826,-0.4031409135154039,-0.4933497978798469,0.10556102430113004,0.49732848470246865
-0.1489795201632963,-1.0,-0.8906654041377302,-0.9527790486064068,0.468412504735094,-0.17765369074837117,-3.5911160911769735
0.34114020145752266,1.0,0.7996432494380583,1.0,0.5573886653969043,1.0,-3.5413752391936204
-0.5111327754392759,0.5350001993246856,0.6685740720207303,0.7695688126518049,-1.0,-0.7537317597947198,0.1359624669002715
0.18564467027953074,1.0,-0.4194163678722575,0.3852713866575137,-1.0,-0.8359918003455871,2.7298863236553403
-0.0005566183676620762,-0.13354881008026398,-0.06816267539737511,0.3236980742780926,-0.4564918737100523,-0.5338646256938033,0.6493507622691259
1.0,1.0,0.5771555535088175,0.8907221119312773,-0.9900679291137074,-0.20259657691994812,3.6679772349083164
1.0,1.0,0.859405131430355,1.0,0.6556412306918746,0.9685396820431839,-6.523045874670262
0.560441228585274,1.0,1.0,0.926313901756587,0.9489536086029273,0.10193123433490259,-6.0931071830799555
0.39160214794766235,-0.7964064252170058,-0.8375523262965054,-0.7435337257470955,1.0,0.4888401362418635,-2.69664751889846
-0.476081133062781,-1.0,-0.3033920692952028,-1.0,1.0,-0.38029719582170796,1.8815567827564146
-0.4930115946301318,-0.16025041259751405,-1.0,-0.7631153448143125,-0.9617735618018844,-0.23219711574427504,-1.5523801262914425
-1.0,-0.21367402519045936,0.4859405431803219,-1.0,-1.0,-0.3876692994945361,0.7658262176369651
1.0,1.0,0.8210640390572586,0.14547703469660014,-0.7916321808575972,0.15201479827166997,0.4456968197687993
-0.9859509336664602,-0.6206075329308642,-0.7577070310194508,-0.0011855280691363546,-0.03016980237421918,0.4720152458244783,-0.29011179404693505
-0.9434800080297508,-1.0,0.8722195317177486,-0.44536283314650926,0.41293067936590766,1.0,-1.393810367542838
-0.13346495463181118,0.33154312428704447,-0.5770432377894088,-1.0,1.0,0.5710354255488403,3.2356724076402656
-1.0,-0.28653850638108014,0.12292612266431635,-0.47235466991843944,0.188730714871429,0.1930166020923777,-0.06223531088726025
-1.0,-1.0,-0.7017387832958539,-1.0,0.1828668806765651,-0.24227058920499042,-3.153332861408733
-0.954361880221535,0.49829895306985256,0.8722437443286974,-1.0,-1.0,-0.6414094025077086,-3.0226631328721427
0.651849880062745,0.4640489734461276,0.6202986647962594,-0.24213004046766656,0.13464228457873495,-0.6809480779283426,0.8251915551983389
-0.9218770553038516,-0.03710935986054387,-0.650531884012026,-1.0,-1.0,-0.6994151056497098,0.7106134453837625
1.0,1.0,1.0,0.843797008232509,0.6170495261695927,-1.0,-2.4775428873235086
-1.0,-0.7605537774567992,-1.0,-0.2503031472167129,-0.6096906256052659,-0.9680628040745249,2.345336200717973
1.0,0.7755931032223762,-0.6509581186897944,-1.0,-1.0,-0.9779547124819867,7.309797216217375
-0.26736136095718743,-0.4051102428060709,-1.0,-1.0,-0.8156134576231012,0.1339329212453551,-0.787894114005911
-1.0,-1.0,0.5529806214024583,1.0,-0.9386712671162144,1.0,0.883659178597083
0.3394934613658298,-0.5446040463474517,1.0,1.0,0.43075923380077963,0.5917284121201417,-2.0127670568170353
0.03542444777469811,1.0,1.0,0.5969413891234026,-0.8051654215295633,-0.41773817850831696,-1.7058086160234744
-0.1256509276973823,-0.1964130836248681,0.025550234329914545,0.4427775845340241,-0.7409684836304753,-0.6281951816805593,1.5423871648421197
-0.5685468519402248,-0.9744570151508947,-0.1877368580922526,-0.15285508021489602,0.02232697200483824,1.0,0.4160820419549299
-0.7704380894785534,-0.43891852657749464,-1.0,-0.7619302315337897,-0.5179651809749982,-0.35070125644424993,-1.83211573864273
0.0490774107625338,1.0,0.14396153804384104,1.0,-0.943368613621573,-0.0009163955937293716,1.5183172446103574
-0.7764821163295073,-1.0,0.3885809990941669,-1.0,-1.0,-0.37137127693590344,4.088084620426483
0.9043027660677925,0.3597046123973835,0.37089228990639045,0.038134808052097124,-0.08551766462801447,1.0,2.693034533104448
1.0,0.8413120053240084,-0.41912979024759767,-0.2812664893092347,-0.034658715959903774,-0.4989114085864478,-0.22298767346641601
1.0,0.12728625743985433,1.0,0.5938709255917958,-1.0,0.3844216640980572,2.9854621343073613
1.0,-0.05893009903556912,-0.12132731530261662,0.658409781975933,0.19765161256427316,-0.9940715597009282,3.730298320318243
0.46194897349394237,-0.8834933266146499,0.08263243764505343,-0.42010410133708304,1.0,0.07573626137558875,-1.325955806962523
-0.15870696314090926,-0.8997063984797542,-1.0,-1.0,-0.375723222604354,-0.22957898500678908,-1.3468922260814424
0.4061889231471689,1.0,1.0,0.22723299372889882,1.0,0.6556882726230437,-3.964445877792888
-0.4828242724276517,1.0,1.0,0.8985129228729474,-1.0,-0.9922265478279556,-0.11484059567799657
-0.04514440371537702,0.12839489479843824,-0.837852274765027,-0.6941054269852799,-0.09218986455872108,-0.8445548852920022,1.724713192313752
-0.9822125839153463,0.1775487269574208,0.4150005470142939,-1.0,-0.531631661231861,1.0,-0.5318021746519376
0.3071800128518668,1.0,1.0,0.870822910732997,0.09832889484412322,0.4646011317498298,-4.753224475405013
-0.7554018237899256,-0.7698906526821445,-0.5692317854014757,-1.0,0.16340130292857002,1.0,-0.0940373390402644
0.05585329357095012,-0.7707102890845364,-0.0834016313346625,-0.7805659418027961,-0.9089026356175388,0.3228823218991632,2.4278980574280453
-0.14723134137435645,-0.8870294420916245,-0.256158477629049,-0.5142793789546378,0.20707322991359933,0.11409020679374704,-0.7960343698993209
0.07282581269777866,-0.9735959040399339,-1.0,-1.0,-0.13096530235924803,0.6544637471076526,-1.3877811457374256
-0.3841063258889984,0.275632338608201,-0.8585981096403338,-0.44845056935677774,-0.5734162376770715,0.20688545968817362,-0.92139977889559
0.19989655215685398,-0.3599184438404448,-0.6908413612064068,0.7125519732039133,-0.359816382657035,0.2602660878382105,-0.06939492309948209
0.03696043799342463,-0.4410761958225604,-1.0,0.21489692183672277,-0.7786485266688066,-0.3484959929886248,-0.27592238347116665
-0.7696111721637195,0.01977055935844413,-1.0,-1.0,-0.272498433088867,-0.1294262099619583,-2.1474336736355837
0.8959404156335908,0.08795766942335018,0.029582472637277674,0.19580001816346393,0.0026434508049073546,0.17282061326709708,0.32397383940765523
-0.2552243259143189,0.39699605105408065,-0.578657352789101,-1.0,0.5786231470919969,-0.32729242937436476,-0.15294719374937854
0.10532131487926334,0.06499495845738323,0.9083196946336655,-0.03690087822455024,-0.8619790255555884,-0.7374990703799473,1.357828883343674
0.171076978279406,1.0,-1.0,1.0,-1.0,-0.41925653353061154,3.8416552067672036
0.16423684939659755,0.09047495561815028,0.9113966495562481,-1.0,0.11181539543031926,-0.37339187611504043,-0.26941905997211063
0.3473299671701191,-0.7180834986365455,0.20546740529409985,-1.0,-0.7357836952454933,1.0,5.332077917595247
-1.0,-0.6022594306795446,-1.0,-0.9855379231942556,1.0,0.43840961110977905,-2.5569165498468807
-1.0,0.9864436836128094,-1.0,-1.0,0.40393801400354445,1.0,12.524478316319216
0.443503229290249,-0.13739885694665432,-0.4155453259221485,-0.6292448379010378,-0.9341270019645431,-0.8100019646142949,3.282208504157923
1.0,0.11090935973144228,1.0,0.9902290975004829,-0.8353769138734846,-1.0,7.81312900464725
0.19608590576934548,0.23047315619880338,1.0,1.0,0.2678162886657297,0.706021250182903,-3.12854806853957
-0.17835604752025636,1.0,1.0,0.4606639961653143,-1.0,-1.0,-1.774614609577147
0.526623626390541,0.8070825514200614,0.6772545350818864,0.5908807961046836,-1.0,-0.9059209737242508,3.8537654568276114
0.7538674797411258,0.529857112572363,1.0,-0.6307845617872483,0.09562988727768018,0.831345789500014,-1.0793697423673556
-1.0,-0.47189048449423493,-0.6097784012795183,-1.0,-0.4319831709797506,0.37328462130868656,-1.3502780191566779
1.0,0.4352767042944803,1.0,0.42161498066520675,-1.0,-0.9413954820547336,6.5770593781038125
-0.4818695594083079,0.5360122095796028,-0.6347579886851633,0.26438877287829,0.6214026731070145,-0.04953978437236051,1.139928702210088
-1.0,-0.029435495439360304,-0.8638170518297992,-0.3543054218653577,-0.6115174775531049,-1.0,2.4961175429378946
-0.4072072197644736,-0.3261381951832987,-0.022054110310529673,-0.710811676415546,-1.0,0.5741997201609597,1.1876924806015594
0.48609214054261324,1.0,0.3489298955040745,-0.2567173946499129,-0.5657202725112694,-0.29057244555064743,1.2419700248307695
0.32718931194958656,0.4254732051169317,-0.5579789651954701,0.8958060936724708,-0.5403101359713514,-1.0,3.603480332670064
1.0,0.14746989626464124,1.0,0.6365853757261832,1.0,-0.006610309621760402,-4.41942563177683
0.4607096859754305,-0.15906656088723192,-0.10092150472712297,-0.22864008689205628,0.893216002936029,0.6434143296812438,0.5727788692948543
0.3266076314894015,0.7685350633944178,1.0,1.0,1.0,1.0,-4.345595962258043
-1.0,-1.0,-1.0,-1.0,-1.0,0.08530603392276892,-2.560255551484813
1.0,0.5270090389343625,-0.5370762873554359,0.9401576358923477,-0.4189638103413341,-1.0,5.0238897093196275
0.8421815042713596,1.0,-0.2413300968673428,0.43106042040237286,0.7665298672171224,-1.0,1.067982323049535
1.0,0.6621601768198873,1.0,1.0,-0.46501823496817773,-0.3100857049841386,2.5332059721335076
0.6928823741650985,0.40166297033682175,-0.1285891442572559,-1.0,-1.0,-1.0,5.6786061739839235
0.8043202733705597,-0.692377163331433,0.5691509355029709,0.8363311314027182,-0.11679259311862311,-0.4210525642290974,1.8390508020361924
0.8855749748600068,1.0,0.7578325545782001,1.0,-0.4646040833213402,-1.0,6.714911148788795
-0.2925096649188579,-0.03869480632106659,-0.16594186159394475,-0.3489081370847458,0.6367329863494775,0.956850219361289,3.688421743638333
0.8730445239272921,0.24435936891862653,0.4572895756891986,0.4720780708335218,0.11860661465009131,-1.0,4.293458161306071
0.024276298675191765,-1.0,0.2955253283393122,-0.4338385488765173,-1.0,-0.5674163324398016,4.714608330498835
0.745437602241742,0.900705504043779,1.0,1.0,0.33161338589579287,-1.0,-1.437857307802153
1.0,0.9447284655087999,0.5273692038098621,-0.7329166835360806,-0.06526796862025563,-0.7070338076641202,0.5524840282965974
1.0,0.0884017930160057,1.0,0.8756168427616675,0.21768640967027733,0.5196221581990248,-2.8196314244762046
-0.10378763810407128,-0.8014886883999675,-0.40170154548849235,1.0,0.7008850090215204,1.0,4.699973665022091
-0.837651096041756,0.7629522499835681,1.0,0.10741603693517304,0.4001495960608553,0.3379997449893841,-2.1835218528004092
0.08602237788756095,0.3687857655586519,-0.4201180687310049,-1.0,-1.0,0.6483930557404773,4.099378201464572
-0.11274734848158285,-0.1151361276516788,0.06807834872299123,-0.21152505546946282,0.14948743645170598,-1.0,3.696593838606206
0.7816716497644125,-0.7018568131832741,0.08172901560556428,-0.7433302731024634,-0.307011278014918,-1.0,7.641720404967996
1.0,0.630618182452088,1.0,1.0,1.0,1.0,-7.896862832106688
1.0,1.0,0.6935395208219721,0.9294690727739144,-0.1098877737901664,0.7703102122292803,-0.9338998972650778
1.0,0.4084529317928882,0.5293072562119598,0.5707578167831613,0.11607562055250176,-1.0,4.5892105686061955
0.6880206507703592,-1.0,-0.2015724718067036,-0.9586840725609164,-0.9238583204492912,-0.025887036662315052,6.631307220745578
-0.060583352413642655,-0.5518514990337231,0.33970789683983693,0.5220018357080287,-0.09848210365761845,0.6638823147147295,1.5576573914895455
0.16550468707294574,-0.8022396619864018,-1.0,0.06930701516833482,-1.0,-1.0,2.0042648994058965
1.0,1.0,0.4037824964443453,1.0,1.0,0.3008335143858444,-4.744283804915141
-0.7757316008804543,-0.7653893487159726,-1.0,-1.0,0.05531706450497964,-0.5277394959433741,-0.9380061588486618
0.46330791427973794,0.3378853084014676,0.3298362300385054,0.6879928572018001,0.2576322650656431,1.0,2.2678346340937434
-1.0,-1.0,0.1973163132324647,-0.14063770204260606,-0.01571405349182886,1.0,0.2780241653588913
-0.20672269174073965,-1.0,-0.48398008001137427,-1.0,0.20378314581388868,0.6843263540115493,-2.9007883830854224
-1.0,-0.8485294240364751,-1.0,-0.8244274018877711,-0.49682193092496474,0.1890646154657958,-4.5223733267750985
-0.5216779462565229,0.07296341759713065,-0.6561760602254091,-1.0,-0.8565521621078689,-0.26970024360972283,-0.8142965437635687
0.0580318944827205,-0.2530401949366021,0.7545703417811178,0.62921192628915,-1.0,-0.5016421100566083,1.5975314916748382
-1.0,-0.009076742180684327,-0.35410256410917573,-0.9281273016367897,0.1502521566899322,0.3572268389064485,0.3588373903633142
-0.9146618081145719,-0.4360909414373102,-0.03666171403238527,-0.3101449803332601,0.8234683960508669,0.8806873187018402,3.4114817627674365
-1.0,-0.5706862542428419,0.06488081707150573,-1.0,1.0,0.3774109689139554,3.594810654502633
-1.0,-0.019042227471990303,-1.0,-1.0,-0.010655321001883933,-0.5537449522255002,-0.27220171540708493
0.08597298556987343,1.0,0.8551372776358395,1.0,0.8815915914823773,0.45325885145624834,-5.344566836347731
1.0,-0.4752337400415054,0.6506010780402777,0.19240490915918085,0.15187379769896947,1.0,0.4094883976270814
0.6732151494998295,0.9815077183724353,0.7445955259962056,0.7052525187431187,-0.19725862851865084,-1.0,2.8498938484282377
0.6139512125459006,-0.597346031822898,-0.7224635975829554,-1.0,-0.71453163165627,0.17670792227755872,2.632196532915726
-0.4379088138846513,-0.9920936980693058,-1.0,-1.0,0.7832833789341072,0.7518508682333327,-2.7539754597854404
1.0,0.4066242385343153,0.20797942633361144,-0.05311677954197891,0.5740457184482921,0.2257945825911083,-1.2942794485969256
-0.9693672552952077,1.0,0.39841849517251293,0.46429096751148835,-0.20530269396923045,1.0,-2.0175682261377736
0.7016341572739573,0.0319525711759121,-0.5090516111748433,1.0,-0.26025304590662734,-1.0,3.4367070157299504
0.04472459856335498,0.3346107026932672,0.6081098138494204,0.7031518452636524,-0.34698260410416454,0.12842217778499032,0.02889740246471234
-1.0,0.7060426240496867,-0.9954477396907728,0.19472147749016933,1.0,0.5312499910486238,4.705391946913897
-1.0,-0.07301987119011999,-0.06817420234075255,0.6909680205394733,0.2296572191762114,-0.3156000639016566,2.362798612657815
-0.026479888812518226,0.9532268555114392,0.5318247341442748,1.0,-1.0,-0.9458493930664209,3.185111684138424
-0.28169858856143404,-1.0,1.0,-0.7886424940205792,0.14665001523496968,1.0,-3.1842340901668122
-1.0,-0.12711457447894614,0.562991048064043,-0.6127356025764137,0.9223332783776962,1.0,3.298237987884284
0.09265845414556112,-0.7432419739288079,-0.22389923972168163,0.32023632866343366,0.8177818237245793,0.46815411005631014,0.7890467792255402
0.0673461868956024,-0.7304123951345292,-1.0,0.7493499442254853,1.0,-0.3048335192963598,-2.693101952014567
0.3460220312612279,1.0,1.0,1.0,1.0,-0.11847827000438282,-6.016100856242032
-0.3593562513245594,0.03452929849670072,0.8399901224140409,1.0,-0.7935328632876031,-0.6005700091438945,-0.6625039552427117
0.383239230149638,1.0,0.9108879158538056,-0.9586911846894387,0.14438475825485209,0.7700887002322867,-1.3532920339865624
-0.49276388692711565,0.8493262469180867,0.021527361228055875,-0.7357295737956746,-0.09008504988225957,-0.08367379444260581,-0.36740206761436195
0.9455310583950944,-0.11995854256053201,1.0,0.6750142405421038,0.4901443327195498,1.0,-4.213400300176042
-0.6079070486003714,-1.0,-1.0,-0.24495569666892192,0.18896518188615086,-0.09109204055633702,-3.129274955306009
1.0,0.27316037726470266,1.0,1.0,-0.510745962731111,-1.0,5.783272755878388
0.8747699346731106,-0.7400471046909365,1.0,0.2152714153138066,-0.34399297378089955,0.19433790386874833,2.674207983605825
1.0,0.2024263998945286,-0.25264215126138917,0.6118760025780698,0.3175112234420614,-0.2060423960066997,-1.1762411620170277
0.40662528689052146,-0.02393917517144334,-0.2723056630442629,0.3248951732031179,1.0,0.4725927216300907,0.0917003157393464
0.7179119491226569,1.0,1.0,0.03668223282585936,0.4190412592661684,0.4764774533049241,-3.9591422264183174
0.530451537533965,0.3425342441364036,-0.21970891867133613,-1.0,-0.4684483312211536,-0.4697693114280148,2.3738479712179217
1.0,1.0,-0.16953738368065313,1.0,0.9064318173934649,1.0,1.0315103734129445
0.22891367894721704,1.0,1.0,1.0,0.6235120688912499,0.6465185761046568,-7.304370969622212
1.0,-0.04947745869074899,0.08281756740262522,0.9772804389963202,0.16130018607784052,-0.3929681067304671,0.5208468379409222
-0.2904736959772778,-1.0,1.0,-0.10734586650552624,-1.0,-0.21207475345069893,2.7670365004819173
0.9965394733857256,0.4498883801070577,0.8166654117574446,1.0,1.0,0.9466372651642707,-4.211600388869548
-1.0,-0.6365397986584589,-1.0,-1.0,-0.7723323123359358,-0.9265175340934135,3.8146950149271053
0.2049881245236308,0.6009556793706337,1.0,0.10091709196427093,0.06415953605627922,-1.0,1.5667603973605744
0.2733269364374533,0.40965327736989043,0.3741137398385599,-0.302714579804526,0.16369932765523676,-0.4435130623652799,-0.4603446853793388
1.0,0.22723513480327062,0.5760691691581419,1.0,1.0,-0.3884329673688198,-1.8912286112621022
-0.994800651802451,-0.3448196471259638,-1.0,-1.0,-0.9576366419173374,-1.0,2.6310795514068417
-0.40697645478025074,-1.0,1.0,-0.3769285344471522,-0.4725506141288677,-0.2845503776241922,2.7850641286146134
0.7620412508711596,-0.2723077982933044,0.06232446722233398,0.9072451436720125,-1.0,-0.2413556249476433,3.2866107493489976
1.0,0.27908046746272275,1.0,-0.0479138616744664,0.6255479214941191,-0.08584050753706621,-2.3755290145348296
-0.3063088694455186,-0.16135903778385208,-0.985744224072239,-0.10646146462734468,0.7592039019894654,-0.45866854424569276,-0.18790417242481586
-0.7870880642799145,1.0,-0.27343642731771534,0.7178204310214759,0.0015049594365815766,-0.619590611488885,0.5162128464673847
-0.5807107788008274,-1.0,1.0,0.7379144215295561,1.0,0.48459997117865183,0.4946697911641858
-0.18613447083106982,-0.559721271598163,0.16556263902543056,-0.019212498157548052,0.9123465232022137,0.7701218416948696,2.0257989189175296
-1.0,-1.0,-0.643805585590169,-0.8698054408165953,0.5573286284923235,-0.956835163106221,3.9499204706104147
-0.3236624435830134,0.15638436550777396,-0.43132503898888697,0.7374761882893432,-1.0,-0.5836479492537168,-0.5571340842372907
0.2501752191615915,-0.4485058502374641,-0.010471633354898535,0.6922773212137954,0.7415767607603374,1.0,3.102053614741501
-1.0,-0.6006382439186992,-0.8602017047220445,-0.9787373139530073,0.18954611577822283,-0.2657773029640032,-1.7356109265176416
-0.06700034075250144,0.5000537705919139,-0.07894272641641248,-0.18798634473303513,-0.06864964874649487,-0.23021974188161348,0.4448920889733635
-0.558301982226938,0.20387639441439545,1.0,1.0,-1.0,-1.0,-0.6110142842245088
1.0,-0.5102876800360773,0.9233954177110942,-0.44895749121979756,-0.5361595427777102,-0.31200120397964204,4.7544505049371235
0.8101907620771556,0.2120178722508868,1.0,0.7657642803256275,0.13970207629370146,0.6128489519756322,-1.7493030668023946
1.0,-0.27973530027816323,-1.0,0.04303350592270369,-0.4179293315756165,-0.49820060135115896,2.4994782485203753
-0.06398312171403897,0.2889959566437207,0.10700974011535025,0.4469518797963634,1.0,0.21379471665075112,0.9009499250059156
1.0,0.6635465448012555,0.9008780435695092,0.7876008559005936,-1.0,-1.0,7.833658973449325
0.1201446986834171,0.7098374320457845,-0.8256220020240842,-0.3103779141815496,-0.6702716632266644,-0.38204966001008733,-0.741458328409486
0.6311896492435567,0.26389678322594157,-0.14696012841625594,1.0,0.8812749738174824,-0.03363354218757719,-1.3749675037241609
0.562784349499137,-1.0,-0.5295767072760506,0.02865819286765725,-0.6215023433367516,-0.5911585746200692,1.6469501351366453
0.7252069270033079,-0.43605957404225837,0.9561321893780292,0.07326262450195159,1.0,0.09382620146025755,-3.4756184849171214
-0.7492546812163641,0.7028268203158645,0.24781346912867097,1.0,0.30876688179144796,1.0,-0.4834228146961739
1.0,0.3893399260436019,0.15224834123391862,0.09360599491810018,0.18804231865514315,1.0,1.719163818000585
0.04594378336027993,-0.45277522575704854,1.0,-0.6977020654859205,1.0,0.2131951539021042,-1.7254958216695775
-1.0,-1.0,-1.0,-0.668666358035021,-1.0,1.0,1.8693104474154423
0.4024344347012703,0.7847525988151492,-0.9720883658457166,-0.4687148854115234,0.48024955242235606,-0.35113562530404363,-0.462604759291069
-1.0,-1.0,-0.9123010695384075,-0.8492048955184033,-0.3728859618370311,-1.0,3.31658989682296
-0.016528138436462586,1.0,0.30250936343545337,0.9286012689766319,-0.7691226236616651,1.0,1.1559219771525546
1.0,1.0,1.0,0.5905810726628713,-0.7985858726022471,0.8629734168455829,-0.019123610129918978
-0.6265429245758332,1.0,-0.13604057789591867,0.4881657654421572,0.25435385632776353,-1.0,2.9267764441201907
-1.0,-0.0842632610769376,-0.3344302644813131,0.45672190612469726,0.36438980469407983,-1.0,4.9175331932158795
-0.015003454321281806,0.12536779228585837,-0.7845030776394286,-0.18340888214144446,1.0,0.6388585077670137,2.793010803508907
-1.0,-1.0,-1.0,-1.0,0.7768221022059474,-1.0,2.8831983532426584
-0.943975435194633,0.9450342471606015,-0.055344677012173715,-0.2686989704884471,-0.09331066842852498,-1.0,1.4172804678643942
-0.29192037305159835,0.13322986310684226,-0.6527289351258303,-1.0,1.0,0.5570659786211681,3.728983715801976
0.36703500696719976,0.034562385882001334,-0.002523658992548826,-0.4871995903225538,0.8899388111437088,-0.32360072371550835,0.2763280953808438
-0.1924896390350248,-1.0,-0.5779215425619038,-1.0,-0.055334980283051005,1.0,-0.9519843092696408
0.07117016592603292,0.14205988736773514,0.13389435531796312,-0.34934758681474987,1.0,1.0,3.2180567271112146
0.29868807568520866,1.0,-0.17565955814555773,-0.3245658512468934,1.0,-0.7248589090613674,0.07297473559249812
-0.5427387002953962,-0.6703750620702649,-1.0,0.16689480507316157,-1.0,-0.8955230436827211,-0.25859844424005973
1.0,0.2995520288265525,1.0,0.6153180938801013,0.022974653819449187,-1.0,4.055093073364723
0.11832460930083488,0.31098017233796305,-0.6269408872794016,-0.6842024128497611,-0.43144190650181347,0.5425642386417484,1.6217709626014676
1.0,1.0,1.0,0.5631081350704201,0.07987380396229371,0.27825821461548794,-2.7653595013374375
-1.0,-0.28738936838101137,-0.32529834841986277,-0.3855413701760617,-0.7700341926791808,0.17605764782897246,-1.685772760292924
-0.09296147987680448,1.0,1.0,1.0,-1.0,-1.0,1.314723197522294
0.22521441739638098,-0.9712347101095635,-0.2977835257123208,0.9637640368028604,1.0,0.05563297892511215,-2.636110379073812
0.8190961259882235,-0.7204819272173657,0.5507101980542598,0.0956280695688686,0.953419234405849,0.29076384702336616,-2.801029620544993
1.0,-0.43095708833893065,0.4088251192115304,0.15722289170156056,1.0,0.9974472918444013,-1.2267161564209437
-1.0,-1.0,-0.041216140065220896,-0.2004600749435348,0.26594660894991373,0.20698439184451708,-0.2928425745566976
0.28557255170800566,-0.19045127706989368,0.07964210032726421,-0.08240459377116482,-0.8930118938918206,0.09262036834106271,1.0660839069954025
-1.0,-0.40488003088798163,-0.2715777510173175,-0.3376249489632869,-0.2660168924849806,0.13245229344306708,-1.1047688364692219
1.0,-0.08460380662724842,1.0,0.40405745084709244,1.0,0.183975718290671,-4.8371422737671725
0.09936822247843846,0.8366199872316674,0.6027137827154511,-0.7758207117016991,-0.38556745676602183,1.0,2.890317880055848
0.06356282639412925,-0.14931484171492493,0.17970201841550437,1.0,0.7757265445464194,-0.6622364769386704,1.0845760820955581
0.3061971656334971,-0.6354022935177583,-0.16467933662047807,-1.0,0.8923907281508532,1.0,1.1027135160864976
1.0,0.06764585113987365,-0.8345817809177176,-0.10106936423797869,-0.2495755011956196,1.0,4.258651011377966
0.8447946085303417,-0.3226041313777709,0.329104388331001,0.6530460786309471,-1.0,-0.5604001854109053,4.760799746340169
0.9999769691592453,0.49727719734748194,0.7992325579029813,0.23716675891424885,-0.43597855867593904,0.06843000646497371,0.5342621064579687
-1.0,-0.14076921428230826,-1.0,-0.57326180241275,0.3034768638448294,-1.0,6.786887573141524
-0.3640556289738007,0.1431589085271195,-1.0,-0.2876166783194515,1.0,-0.42350061932689453,-0.24347003637670064
-0.09076096051575971,-0.16411868473489888,0.05788730367938397,0.37376683996702287,0.5776171021308912,-0.5742200059682565,0.8592692180602075
-0.4993500577484172,0.9167404946145621,0.5147648147373982,0.5735738715912245,-0.9574662093146789,0.7317199760864875,-2.093993368806551
0.2275812775418838,-1.0,-0.8513015447066121,-0.26131185220174424,-0.5255659283882367,0.7767830679076257,0.40172824014492453
-0.5257797727997107,-1.0,-1.0,-1.0,-0.3636819021876426,-0.3527823103403893,-2.392956817500793
0.22961240922974102,0.6772179254068005,1.0,-1.0,1.0,0.4717920831303999,0.7246272570266686
1.0,0.36395367238759224,-0.17663489248170372,1.0,-0.45374727300456985,1.0,4.247539639792633
-1.0,-0.20450347978954841,-0.07853487985445547,-0.9764827317678269,-1.0,-1.0,0.6262940623423976
0.9801985632316383,1.0,-1.0,0.13840650411852876,-1.0,-1.0,7.108661473426607
-0.7173595160303962,-0.04928024288574656,0.46005024827351493,0.014927482003248116,-1.0,-0.04023938256155746,-1.990230928004983
-0.6482472625792999,-0.3000658956929736,-1.0,-1.0,-0.4048098554606967,0.46513661696296765,-1.349097300478371
-0.4744653494536233,0.8892690891487488,0.5554512699605989,-0.53741527863598,0.23953601373527536,0.5865403509094685,-0.4276746291010883
0.17375780990784429,0.5309925488730887,1.0,1.0,1.0,0.875372108079437,-2.9439642891911935
0.7172025174165482,0.15147936576800286,0.6385366487842676,0.8455978284327796,1.0,-0.2145196643721745,-2.0221186387183203
-1.0,0.035461652431235446,-0.663897863888244,-0.7609314317679918,-0.20243244908585464,0.07276065848306157,-0.23740231412340806
-1.0,-1.0,-1.0,-0.40119224136348275,1.0,0.02490388050811032,-5.703323176667873
0.9195864732632476,-0.07629537005471154,0.550122240163337,1.0,1.0,0.4386083960083169,-2.717166291339197
-0.25942743886508024,-0.892949902891629,0.32098672604252965,-0.2870376975369182,1.0,0.02039208283615057,1.2645616674237123
0.10684166541313572,-1.0,-0.19266925110526667,-0.2711626987566267,0.7978841563724437,1.0,1.6625751953128827
1.0,1.0,-0.5214461647463448,1.0,-1.0,0.4610051617813165,7.473933992924536
1.0,1.0,-0.02889086424380302,-0.08477978596675007,-1.0,-1.0,5.758294269887732
-0.4562257904459679,-0.44328177813231373,-0.24448925798146526,-0.47420614543001816,0.9512419563562895,0.6761283765823418,1.0673799939221367
-1.0,-0.5918812079075504,-1.0,-0.931754224494677,0.37110121202530394,0.911441432089318,1.6233820190719224
-0.642994554827232,0.6580211462583864,1.0,-0.44820592178694363,-1.0,0.08159877602840926,-2.976952516119599
1.0,0.8466734811395769,0.9624091297135042,1.0,0.9939369167753854,1.0,-8.031775184730238
-1.0,-0.2636350968944987,-0.35178893954803736,-0.5556144692729582,0.2660340888715443,1.0,2.1119632907992476
1.0,0.5008130160381729,-0.5427544482879427,-0.9321168406009462,-0.5766443982167295,-0.7557363631177432,2.5798704997616113
1.0,1.0,0.5835637668542153,-0.37250795445199064,1.0,1.0,0.1719201422440768
0.23738142838628035,-0.8250226882553506,0.10405649025937674,0.4812992063698424,0.47506691325668915,-1.0,2.684456940989428
-1.0,-0.906641638959867,-1.0,-0.14360779149029357,1.0,0.7603472513719141,0.9508255479943317
0.46320269264576847,0.9323611822436388,1.0,1.0,-0.9134526066156524,0.5247228148134737,-0.37580418465301313
1.0,1.0,0.22297536160630438,0.24328395176021234,0.512519316783471,-0.3466404221276161,-0.7600996646847753
0.07703227115135136,1.0,1.0,0.14228719672515594,-0.991258871059863,-0.4394171630832705,-2.8347852574326633
0.48466719324659957,0.8702020672939734,1.0,1.0,0.22346742509240786,1.0,-6.130790101954201
0.7063603409528609,1.0,0.016356128559694816,1.0,-0.0025042625362600157,0.7763081343695823,1.8148399459853375
0.6471572283949648,-1.0,0.6897558109188587,0.6417518041458681,-0.32285337277769055,-0.33219705982597664,4.581339721974573
0.2057928874345205,0.3590870890144132,0.8646929161654223,0.9141868407145236,1.0,1.0,-0.01374214962751319
0.5736921298893429,-0.9223760061680545,1.0,1.0,-0.18720899735034882,0.8957286682361365,1.217194687430179
0.021612181747989068,0.42848471244355735,1.0,1.0,0.12177297525725396,0.17234541501321632,-2.427583045200163
-0.15770059462796882,-0.22879021329569904,-1.0,-1.0,0.026350947000251618,1.0,4.443979947161349
-0.620319190346847,-0.9130764445179985,-1.0,-1.0,0.18797771090086213,0.048999004873318874,-5.41681837493705
-0.10640566498129789,-0.5430690297963283,0.24546532041220911,1.0,1.0,0.9493261005284311,4.4814876449159815
-0.5996177143465968,-0.06177552099254546,0.5109953805119849,-1.0,0.10209294148407644,0.6647580614878261,-0.028847303134117208
0.8620702795383983,0.2669925748148374,1.0,1.0,0.06740125093073118,-0.3333935545946835,-0.6591481932930394
1.0,1.0,1.0,0.9480974775811042,0.604649570462544,-0.5482775619171345,-3.6373557880840255
0.8687355146997922,1.0,0.6672598013819613,1.0,-1.0,0.2661730146281458,2.8552543086593754
-0.47987134095148615,-0.5014253288384252,-0.8317065754959424,0.4011886892039047,-0.04593857434945253,0.5460330297826728,1.7833610515399592
-0.3562706648233289,-0.8868335756125441,-0.5944057652372479,-1.0,0.34357203267094494,-0.9069436140214233,2.9331690725419235
-0.010466519171904887,0.4632035130217225,-1.0,0.7754957820785777,-1.0,-1.0,2.622827532802327
1.0,0.6044286281763098,1.0,1.0,-1.0,0.2724035105361172,3.6911246748564843
-1.0,-1.0,-0.4368078775226743,-0.3074380880692209,-1.0,-0.08840490260227218,-1.8174725157190958
-1.0,-1.0,-1.0,-1.0,0.8727072865020908,0.1505926078216004,-7.996149437961339
-0.46273036562168757,-0.37125742803405015,-1.0,-0.2552640165339022,-0.9601889856438178,-1.0,2.1930319169993835
-0.1929806725598221,0.10306512375722043,0.6410637145939262,-0.04972809247316756,-0.14029777338374372,-1.0,2.676623332824622
-1.0,-0.3135999145455205,-0.8443965697316557,-0.31684223110946097,-0.9040709125766249,-0.584378412065035,-1.6579457658084358
0.7305298478174158,0.5776725827350278,0.05758474022285531,0.7424964488580161,0.8264920045751143,-0.12437262413581147,0.24239409923948152
-1.0,-1.0,-0.7969876305206937,-1.0,-1.0,-0.6280191464104317,1.5935198030974735
-0.7745189796220505,-0.32484861456801545,0.20177259161526184,-0.5180177982493694,-1.0,-0.43878678715315006,-0.25040104344068176
0.28152545061347156,-0.3036864576324521,0.6154260719241675,-0.21388606894801154,0.3568082995071823,0.6847538957708479,-0.024922843902198455
1.0,1.0,0.029442237334049937,-0.34043773711572856,-0.8725366286330581,-1.0,6.276374721347573
-0.21670504176923422,-1.0,-1.0,-1.0,0.4863226658088451,0.9104597665852371,-2.7181708332464867
-0.34291381389468456,1.0,1.0,0.627870313330563,0.1806285259484931,0.45602189372874774,-4.019413222766481
-0.2467201714574627,0.597710411030656,-0.605470167663714,0.19931072722489396,0.8016757808735846,0.9999392691380031,7.899090043240419
-1.0,-1.0,-0.5795769405100824,-0.5668106051951267,0.8653218415489905,0.6798050577400357,-0.14068247410984114
0.15141342680327985,1.0,1.0,1.0,0.055079681992107554,0.0940887566769566,-3.9307695920233052
0.1296641796418857,1.0,0.8850904200987573,-0.4329566131019481,-0.9786048961251934,-0.3581863884763101,-1.0753600954603624
-1.0,-0.9073477588855621,-0.5875400942740512,-1.0,0.16326920903393127,-0.8393242731262632,2.215270236718855
0.4655006550610691,-0.1788297116317779,-0.010561029048133413,0.9522345347783926,-1.0,0.596679680857154,1.9953381122462226
-0.19351103327129326,-1.0,-1.0,-0.02879470154039976,0.7009276666346967,1.0,3.7357592607618884
-1.0,-1.0,0.6626567759164202,-0.5604312124992764,-0.801239956227825,-1.0,5.383056741206211
-0.7515016742068736,-0.23656017205979113,-0.8064805593465487,-0.6777875201282411,-0.5690161504447633,-0.03456591476593829,-1.7397518562982701
0.4774624201910927,1.0,0.01221429763030435,-1.0,1.0,-0.4110916280047703,0.2576481994164359
-0.7153876108245543,-1.0,-1.0,-0.6825678376960634,-1.0,-0.765772664029212,-0.25997601836165085
-0.3859275857651435,-0.8905072533974348,-0.24828804200915328,-0.9850081987813297,-1.0,-0.3466271181978242,3.9618739813061707
1.0,1.0,0.7343225364080785,0.15547691699194366,-1.0,-0.20748459668298816,2.0690355604716895
1.0,0.15755403479311442,1.0,0.17767253632918514,0.9745418013721101,-0.49730724583322583,-2.366010159357789
0.6445518684899976,0.20119939724396124,-0.6048946682263392,0.38212344947893584,0.8202089189690172,0.7940849967070083,1.8373640080568425
0.6674894464893275,0.6877910758493566,-1.0,1.0,0.13488373898292788,0.7908315742368358,1.824483657803896
-1.0,-0.9746369574319544,-0.9514629517996296,-0.5962218148937242,1.0,0.8214029681463768,-1.0324602425883855
0.9364680967362349,1.0,1.0,1.0,-1.0,-0.797180275538682,6.189563811971949
-0.4489667582068394,0.8348864335114583,0.8404395799359234,-1.0,0.12759789877252548,0.45261942219899765,-1.2686578196199325
0.010875736798591357,0.43653044754058373,0.3115734294043997,-0.8473443148517782,-1.0,-0.6585158871064489,1.953681444132469
0.03183474565545974,0.17224664596734518,-0.31525030485457506,-0.7817390848207646,0.26411127972948273,0.6327744248801603,1.295333918622378
0.24983618750649184,1.0,1.0,1.0,-1.0,-1.0,2.1004137564307186
-0.09974727375641643,0.11869429507385942,0.779445640254325,-0.18777896368369873,0.26836921264756414,-0.3870930611297486,0.18824814378705235
1.0,0.4477616577783472,-0.16079276601439313,0.8072298130540315,-1.0,-1.0,7.556294084655727
-1.0,-0.19798427843246702,-0.4566797074637938,-1.0,0.2048610591706047,-0.23035321367615558,0.5731494883498335
0.014393537772571019,1.0,1.0,0.6621490703212425,-1.0,0.5104963684719834,-4.039334839372453
0.5705233379925299,-0.6672906221253345,-0.5440778604923012,1.0,0.20321417352486104,-1.0,1.4595736996375153
1.0,0.2517102272872321,1.0,0.45680057637295146,0.2703443155894104,-0.4241177858741477,0.432801095110512
-1.0,-0.9235264825206213,-1.0,-1.0,-0.6600854147672135,-0.6463995188974221,-0.4818699808774921
0.7269369039440018,0.0036966283460589944,0.5231407458977672,1.0,0.035172034688950804,-1.0,4.452728881338771
-0.8152837155932902,-0.1788776713002309,-0.7628823438257712,-1.0,-0.023095963705774603,-1.0,3.2532748382481174
0.1000130004199491,0.3001250139588686,0.8809364838832962,-0.5794816375547222,0.4241915209817304,-0.04318938935032479,-0.41522779259532927
1.0,1.0,1.0,1.0,0.21082541229050436,-0.3825652301552471,-2.166513441253956
-0.5134037857294489,-0.8439995704847775,-0.9950550682936325,-0.19181641043219888,0.25703831912961117,0.5702411736098676,-0.24295866251810255
-0.4412125216738281,-0.9843594672758692,0.059305629568842506,0.9290216669194948,-0.056714074594260866,-0.598657430908261,0.9982953584796538
-1.0,0.021436886890931817,0.38199882449238964,-0.09804987027311107,0.060576795566818276,-0.2798867959589093,0.5057683013042326
1.0,1.0,0.73014715210843,0.6107127116713822,-0.18555673046082866,-0.34136026946428155,0.14656155212677038
1.0,1.0,1.0,1.0,-1.0,-0.572007918333405,6.01347948749707
1.0,1.0,0.7543532022467391,0.4558535930873644,0.46576350055164006,0.29246303007396757,-3.775143959656307
-1.0,-0.1548588747126889,-0.9412384230102621,-0.3334635242283299,1.0,0.8314999138252226,4.300635880911662
1.0,0.3200298912390834,0.38336307075323717,0.3379273811079204,0.7993368499313412,-0.8549257764700824,0.5021283316833329
-0.609892482178179,1.0,0.28343588445949863,-0.9364236627359181,-0.8924433580617173,-1.0,-1.7945675968072432
0.6623673093246015,0.8501408802775917,-0.20299176096385696,0.18417175063489744,-0.45591892197894146,1.0,5.511283316456008
0.19481020275916153,-0.3960715928961178,0.12790479056016996,0.3733837901313388,-1.0,-1.0,3.5489432839866337
-0.6030391553663195,-0.414541850746727,-0.3015128441584267,-0.42201611193353594,-0.31311262141149887,-0.5424136647792743,0.3779404591376872
-0.7183951604265296,1.0,1.0,0.9456318343787402,0.8241204209454227,-0.027444957509010326,-6.06985212559644
-0.18580610058862324,-0.18480719326664982,-1.0,-0.8412288174841637,-0.8278544663331021,-1.0,1.814420864617516
0.3106753066844187,-1.0,-0.3770495648929755,-0.37216369243825503,-0.23377797903430153,0.26176622360095814,-1.4338035992817861
-0.008200391366777415,-1.0,0.08063636566982024,0.13730847449534456,0.7764923419560551,1.0,2.5909636530724263
0.5929474340684054,-0.6090475686816106,-0.9727833309267182,-0.3750195283929243,0.6126916390052282,-0.25568337108769823,-2.272263632189624
0.1332078830242116,-0.2949940981640347,0.4289056115198886,0.3804456140455321,0.9003851534988124,1.0,2.15104987766494
0.5708644441078281,0.9730571827157632,0.20437103169692938,1.0,-0.34321840316651964,0.341249779293767,0.2733962610625985
0.8679596476030847,-1.0,-0.1735502904319568,0.018381024693820122,-0.4350462856781836,-1.0,5.151217738941501
-0.38921861938810454,0.6315547728592292,0.63696305421377,0.038599431475969004,1.0,0.40281345371247257,1.124739219677867
1.0,0.21741911945565673,0.8871613196700623,0.011236955010983651,-1.0,0.17505545500456865,2.958807457243986
0.8939700700232047,0.9473743180777108,-0.2077707109084762,-0.18355808304155152,0.7515918252894254,-0.37152675138751523,-1.4597626521183793
1.0,0.3788638720387098,0.7731462420370023,1.0,-1.0,0.5785785424602746,3.5579775834179004
0.3601547710432129,1.0,0.532822919834311,1.0,1.0,0.6065414556162078,-2.855103008653483
0.5477700920974659,0.5726634592558988,1.0,-0.23695267536108017,0.8492036018552984,1.0,-2.355275041762247
1.0,1.0,0.4426921150051111,1.0,0.5260274274797769,1.0,-1.642155327976526
-0.1768203077016608,-0.6083441570126074,-0.5991387830522072,-1.0,0.35747950795329697,-0.1598527193000175,0.2755411898127822
1.0,0.7567001510126821,-0.574665044710883,-0.9534519504992586,-0.022987217783344782,-1.0,3.3835512907216367
-1.0,0.7839043939630266,-0.6104207694654828,-0.1281547362608071,-1.0,-0.17196155825830073,-1.6353144390711343
0.6571228609182509,0.32074640191542025,0.4491891356651705,1.0,0.17746956741906716,0.4738041079019617,-0.7062827240564402
1.0,0.2422822068898084,0.8684314258105255,0.29703993206485757,1.0,0.4627086999334241,-4.5020198361317885
0.2575561715742447,-0.4523269893942587,0.11962369438958065,1.0,0.49623830706721805,0.7789113062331796,2.0105807310516735
-1.0,-0.7332856421125815,0.13198261608124373,-0.0318306384278354,0.7377510360430353,-0.5404567508427851,3.3137892810943024
1.0,0.7313980946564826,0.43846127081241626,1.0,-1.0,-1.0,9.913216549078836
-0.37070989996722115,0.8242388333824131,0.5131760653599944,0.24217753433719402,0.26302040347037536,-1.0,1.340134914812356
-1.0,-1.0,-1.0,-0.5549409801369452,0.4301121824836813,-1.0,3.8806415134213808
0.6242830201822391,1.0,0.6408938643905928,0.32218790382341234,0.8521356611672709,0.42408280067637716,-2.304872674106637
1.0,0.3333691491816283,1.0,1.0,1.0,0.8275971506096601,-7.343583625520697
-0.13821650466248525,-0.5611774065038759,-1.0,0.6900653794337868,-0.8369505050446348,0.5626062037499499,-0.342900221785843
-0.9294946121027069,0.6706049186156091,0.7762480371059315,0.4378473851591144,-0.9735927127841375,0.8447564398569825,-4.701859670468022
0.01382922112634305,-1.0,-1.0,-0.06817100060198089,-1.0,0.747900789723144,0.7461710900532996
-0.4137649184552217,-1.0,0.1127238436921088,-0.7814771713193162,-0.6011023900939894,-0.8537219999019605,5.112883403498618
-0.06873441346165211,0.2508775065311747,0.9020655106631768,0.5329786572789819,-0.8319952871394825,-1.0,0.6262378606987579
-1.0,-1.0,-0.4471003246714893,-0.25277693822071745,1.0,1.0,3.7127537440812324
1.0,0.06468272508746953,1.0,1.0,-1.0,-0.09248624386170534,4.434745950652436
-1.0,-0.24709217286885876,-0.16212289233632537,0.6358529072469675,0.521590919015551,-1.0,4.1678780344750965
-0.6324971356685931,0.05279463737461659,0.03394433441552591,0.5413790525387409,0.9840101853789522,1.0,6.183576744349856
-0.02284457728012751,0.5691783039771201,-0.06704685891357975,1.0,0.30906468599801085,0.008833924683076401,-0.3557594580320925
-0.15068460262402794,1.0,0.020208611278114408,-0.20490790065580589,0.2657209615787146,-0.7538035822820242,0.6796217664227733
-1.0,0.06547541558762082,-0.4124788761230527,-0.10816707230906597,-0.3246358904487743,-1.0,2.441777909851763
-0.12555466683188377,-0.5280220518705157,0.5743110930756371,0.34877934452117276,0.5210761534420503,-0.2589161473105772,0.7709070047363739
0.626098678218242,1.0,-1.0,1.0,0.6226495989894112,0.4167322491333987,-0.6845965712351284
1.0,0.9369672029747717,0.33512367000772914,0.318947444059105,1.0,1.0,-0.4856516444958699
-0.07007579952660525,0.006397541469473911,0.32266906593850586,1.0,0.9853790438373324,0.04876195471436395,0.7284701440261356
0.7143232112023901,0.3068156144264671,0.40361612177254036,-0.049374426655097954,-1.0,-0.14336470882597763,2.418432025478717
-0.8925012898550133,-1.0,-0.3277322685963761,-1.0,-0.8734042421916484,-1.0,4.4978646966331155
0.27338600516715406,1.0,0.19939624014346102,0.6845340149128766,-1.0,-0.48268503592122114,2.2112882563189347
-0.7966431025917767,-1.0,-0.36700708170679874,-0.9912501848125448,0.6210176884735248,-0.04995403472462834,-1.2617538597747684
0.0026266297822961082,0.6679921472907482,1.0,0.07065055221817429,-1.0,-0.9095081826948985,-1.0836603861144678
0.5354915283717722,0.23016191900915695,-0.07678122201230064,-0.2218689247063143,-0.5770299816063855,-0.8157050011722697,2.3885440536731837
0.07655989103665574,-0.08313538885244154,1.0,0.17453805898021418,-0.17259245537754464,-0.11378033009857429,-0.22972722498358558
0.6371535489465037,0.21816963567906894,0.40133158991752443,0.8935875096540935,0.9719696519557666,-0.35424167299862075,-0.5323836623383426
0.1819403397278233,1.0,-0.6337963815138208,0.912545886690187,-0.5171602412593155,-1.0,6.219490006203872
0.014732424420561385,0.28308092934675455,-1.0,-0.8995510949128103,-1.0,0.5596300217074425,3.1652435788923587
-1.0,-1.0,-1.0,-0.19281968762541402,-0.8012998798850489,-0.05955152597480007,-5.595115769441667
-1.0,-0.9366843007456496,1.0,0.11935148474625734,-1.0,-0.2399826905491106,-0.8663543799008266
1.0,1.0,0.48187148943294766,0.15344321563982133,0.4851309778706032,-0.4745955178490059,-1.0838827115821084
0.4256482370351159,0.0217225065534654,-0.28130994600789894,-0.46855567384653374,1.0,0.46073754538208567,-0.11242489945882503
-1.0,-1.0,-1.0,-0.3615477220782848,-0.19018702230418372,-1.0,3.2989675429387586
-0.2865538067887868,0.1528146677404325,-0.11103240422225699,0.271098060116329,1.0,-0.053168503388189126,0.20849073315420052
-1.0,-0.3018041555135541,-0.062379754144452404,-1.0,-0.5264032198404442,-0.7675163581145008,1.9591884652482423
-0.7664499973533627,-1.0,0.07120674317547593,-0.233572494955536,-1.0,-0.10562646699944403,-0.04074660909429385
-1.0,-1.0,-1.0,-1.0,-0.04959518387075046,0.531318927480565,-6.558269536549756
-0.5473954912006626,1.0,0.39699238515525337,-0.8223823089186396,0.11941456534189346,0.38616599425025333,-0.17652076941603934
0.9394783116656278,-0.9409216862228369,0.14484152356639624,-0.5010870076600871,-0.02470376679570918,0.4506864836598247,0.42251849573055533
0.6051981434689271,1.0,1.0,1.0,0.6502286070714166,0.8880353431957562,-7.507208512948861
-0.6436701765516348,-1.0,-1.0,-1.0,-0.2595740063562948,-0.7621841524251483,-0.9687317760148724
-0.7736062625011272,0.9284001286185152,1.0,-0.2718610652455922,1.0,-1.0,-0.4434324612777074
-0.18075471477007543,0.0382091009600321,-1.0,-0.2082666787530547,-0.9395968561788038,-1.0,0.4460327874831179
1.0,0.013904611720563037,0.31153604706443305,0.32727867876438266,-1.0,0.9673267415674945,6.020887384684786
0.16957978666849596,0.5045340601989348,0.8696519621054468,-0.2898146343700676,1.0,1.0,1.1218107913047397
-0.4563088738807221,0.049717140384328506,-0.7642221049276616,1.0,-0.05410700949953262,-0.8013901181912889,0.25284314413859454
-0.885488364180314,-1.0,-0.6681950315714902,-1.0,0.8335886225423653,0.23551141273382792,-3.5284623694070105
0.15690164766172893,-0.5249293913919274,1.0,0.20616960561159242,0.44645228778463864,0.6417283767427495,-1.7216688789744556
-1.0,-0.20993570869935285,-1.0,-0.30310454112739454,1.0,-0.06691577903476564,-1.0257714829387732
-0.9664303303893689,-0.8588073679211974,-0.6741763631769733,-0.12598373985223832,1.0,0.4284937408422009,-0.5912031297988491
0.35669707720716815,0.24254492672426714,-1.0,0.015921801960319726,0.23339456494919242,-0.44340498173660053,-1.3887057533197642
-0.41736927132952695,1.0,0.876550252442218,-0.02402186682068197,1.0,-0.35611224006993636,-1.5325322557867138
-1.0,-0.8471759443817432,-0.6359653204353708,0.3181893281789396,1.0,-0.09035103603155775,0.4266458082148107
0.12327259638463295,-0.46372407170417074,-1.0,-0.6521058370687919,-0.49107282888478476,-0.222960726347033,0.20072803951853724
0.6845905767004759,1.0,1.0,1.0,-0.04479277775667735,1.0,-4.485396738296705
0.6581213835650399,1.0,-0.46368566713288467,-1.0,-0.7646308677363929,-1.0,6.006742497613632
0.6893022868612442,-0.6353655674443195,-0.867631676884061,1.0,0.664986499868969,-0.10973964321475366,-2.314100155984598
-0.4010685619773217,-0.61934007615559,-0.9497596231213904,-0.43735624462912837,-1.0,-1.0,0.7937872552716501
-0.22103384715845498,-1.0,-0.8887171619411944,0.15591790785176285,-1.0,-0.7608476062904894,-0.3685937177870162
0.5764527117686079,-0.9735570817280694,0.11701772874168004,0.5385201347106989,0.6062853040778938,1.0,2.4128974457724213
1.0,0.8971863159623537,0.3005496875597904,0.43814331087037917,-0.4544333663602961,-0.5947595070768303,3.1594430283004993
1.0,1.0,0.8696457738367165,0.36074476158712176,-0.13488160483186357,-1.0,2.150552177436647
1.0,0.35344627479693536,0.8923728427202848,0.219235367625992,-1.0,-0.4769892366089572,4.964451778138931
-0.008456886666230123,0.6723705158942317,-0.03059131082908132,1.0,-1.0,0.11082382539854185,1.2350270387626208
0.6579441805446168,-0.22981249699418288,1.0,1.0,-1.0,-1.0,4.658775231395361
-0.6935847849230109,-1.0,-1.0,-1.0,-0.8035405148844896,-1.0,3.44390870946414
-1.0,-0.4786841756035713,0.06796093985066343,1.0,-0.9920727032295502,-0.48576097672282537,-1.5838874517296349
0.2953020243422675,1.0,1.0,0.25899765474936187,-0.6189779938824742,-1.0,-0.9616883284838651
1.0,1.0,0.5571168297822235,0.05618961470425621,0.6780493762271638,0.34508304291416625,-2.731124766872539
-0.19227555334888868,-0.04341534853348561,-0.9768989351997611,-0.40223024131459395,-0.3495138777683998,0.2578744802719598,0.22433696267701922
-0.47959147377391587,-0.20899633556755481,-0.3863997612124501,-0.3098029126096722,-0.6984144877091196,-0.13175726973905022,-0.4625144695305014
0.0021527662664668767,1.0,0.8748339257863185,0.2105577685808131,1.0,0.672618535977515,-1.8145395518480052
-0.3742903844965857,-0.8126485291383486,-0.12180278972871728,-0.8372071897002663,-0.07491990483493238,0.684390899434892,-0.6405656930087962
-0.691858167945128,-0.502803711608225,-1.0,-1.0,0.9731626515494072,0.31451333337687204,-0.866781036293042
-1.0,-1.0,0.021897538224208035,-1.0,1.0,1.0,1.5981522828497712
-1.0,-0.43268159314826016,-1.0,-1.0,-0.08852701431054477,-0.47552883030976845,-1.2173318122325398
-0.6234722819247406,-1.0,-0.03830767071679669,0.05018907263922168,-0.5009067868391415,0.31925737089397477,-1.4588861874662755
0.817371588256074,-0.5649453211662493,-0.7626481336250246,0.32164705602596444,-1.0,-0.47018850116572386,2.5532042960192376
-0.46971157949306575,0.6393280526757827,1.0,0.1016481260609306,0.34735247166407784,0.9811015926777545,-0.5686207737931783
0.256127143261909,1.0,0.8845716425473975,1.0,-0.0535993705019171,0.3614243911116309,-3.213946496756926
-1.0,-1.0,0.4721588823593186,1.0,-1.0,-0.6666747105529719,0.12482889740972643
0.8139422542177256,1.0,-0.192996727919167,-0.7920329146218184,0.6258355672032856,0.39381324086397507,1.2991579453693827
0.6462832683264629,0.5845114291093308,-0.4142075812583095,-0.631258090211211,-0.09107429465806272,-1.0,1.6049730543332585
-0.22880180919051352,-1.0,-0.9343726261248106,-1.0,-0.8291710976521298,-1.0,4.8435212051637855
0.07283593567740665,0.07636733427032738,0.9773028168529425,1.0,0.03530812514487447,0.11436351563007607,-2.7197308853455717
-0.8202444710396886,-1.0,-0.41673823777066166,-0.33272496965636145,0.8991011359945102,-0.6730356818815082,3.4454232902198108
-1.0,-0.9810899610964774,-1.0,-1.0,0.1932749423975063,-1.0,2.3686731434737824
-0.4782712163957168,0.8311115821411306,0.5176865277036631,0.2503471222409063,1.0,1.0,3.6015864580395176
0.8010773812498311,1.0,0.6660467450343308,1.0,-1.0,0.29668462914902644,3.317913679575421
0.21331864864886363,0.07429630614552912,-0.8633514077372282,-0.04754746819995381,1.0,1.0,4.4921624125539
-0.0730342101411321,-0.15152200259892123,-1.0,0.6282689887963466,-1.0,-1.0,1.775693884796563
-0.3101425625855523,-1.0,-0.5603682924977256,-0.03801560924067826,-0.7558166898642548,-1.0,1.1585711654061173
-1.0,-0.15805978199458254,0.5028567983337631,-0.8243796258384375,-1.0,-1.0,-0.8951960275372128
-0.9089756144371497,-1.0,-0.019578382725112142,-0.4180511374406534,-0.01941128115839935,-0.5068266680486659,2.0976566546232256
-0.21294603873211848,-1.0,-0.34988727527847496,-0.8924353904649165,-0.42040991794025373,-0.4473055545825686,1.0669026079439419
-0.020003665101412604,0.4188159542454301,0.06826814556889604,-1.0,-0.5898883639173329,-1.0,1.8866232178389923
0.129101112146176,-1.0,0.7524443626017343,0.3522677238879127,-0.39814862586170796,-1.0,5.767020376595161
-1.0,-1.0,-1.0,-1.0,-0.3542998973635003,-1.0,2.887517202313823
-1.0,-0.83790620986279,-0.026653198256379906,0.505685102158955,1.0,0.9732448724355587,4.085607493773957
-0.0020525954493610943,-0.5739638272672537,-1.0,-0.5106349322269035,-1.0,-1.0,3.1450850707736624
-0.7264303908744281,-1.0,-1.0,-0.6841767925041193,1.0,-1.0,2.3497561348862783
0.00940537698542998,-0.3703328944023798,-0.32674501947890344,1.0,-0.8315109866588174,-1.0,2.6988672245568384
-0.15495266648072237,-1.0,0.05350568523158883,0.7875154054498781,-0.7502477540028856,-0.6597641053098868,1.9854301439111406
-0.8074668947346102,-0.83126179994821,-0.982186498990594,0.3797424879437776,1.0,0.5733807489807836,-0.23421661023098386
0.38722548126797185,0.4396497562041982,0.24656282422125586,-0.46416329257173916,-0.4086640832167152,-0.325494560457659,-0.3491426023226938
1.0,0.6848532748139184,1.0,0.511255481410273,-0.3303455990140559,-0.45129123802756776,1.8763328674217719
-0.65588073821257,0.20451684524675667,-0.8751851993917554,-0.6762291978325217,1.0,0.16365308890418373,1.1744811767339685
-1.0,-0.7672378314688717,0.03164976472000515,0.21707908012746624,0.2014734997740909,-0.34820223948580137,1.389647411747847
0.7424031678746109,0.3124627614537091,0.5136473235870603,0.5937091762207402,-0.8773533660448212,-0.6400157093413046,4.661293961833978
1.0,1.0,1.0,-0.5826403425738552,-1.0,-0.6278730553974068,3.0267366168063186
0.257115053956147,-1.0,-0.8776916658069394,-0.35729871198567875,-0.024744534015344294,0.08035920551593534,-2.367890547338341
-1.0,-1.0,-0.9961378134329826,0.7732011557838602,-1.0,-1.0,-2.8749003753082407
0.3787512252900421,0.5388563863476372,1.0,0.16839699883784143,0.0764795621931792,1.0,-1.4917436555119807
0.439177218229573,1.0,-0.7102483160322123,1.0,0.5080209575772808,-1.0,2.3215120710115844
0.3749708879881158,-0.8276403554381913,1.0,-0.1899167233764964,0.9246551308189893,-0.9379153908782948,1.0686053744597421
1.0,0.34128942994101735,-0.31820773279142955,0.3551248347970273,-1.0,-1.0,6.118096038457463
0.06281458946096757,-1.0,-1.0,-0.010739106433537704,-0.4872579988599463,-1.0,1.6004980242238056
-0.5881066875227712,-0.05089485431599533,-0.3052343655540197,-1.0,0.38905633409644413,0.3804834625434197,0.30844358716200493
-0.15579101901351033,-0.8416887887974966,-1.0,-1.0,-0.650699254763706,-0.6132383432870381,1.1233174529974694
0.8154773645541086,0.008733597887216338,-0.8020006199428154,0.16705339174186168,1.0,-1.0,-4.024070697687526
0.5564317542183354,0.6191453235457272,0.6475385619968761,0.34726117318755956,-0.4605052166385447,0.8816325219686385,0.4909640300854148
0.27862406824788294,0.5612995065960088,-0.026757127806778174,-0.4305264162335267,1.0,-0.10239763534827395,-0.03827091494439115
-1.0,-0.6762682548858192,-0.9226410756191327,-1.0,-1.0,0.35660397308576475,-0.9995234042813967
1.0,1.0,0.4197911164219883,0.2549718273333149,-1.0,1.0,5.6757523546247866
1.0,-0.4341982466042167,0.4463201075119836,1.0,0.7041675432564078,-0.7464360058821052,0.13256271233987096
-0.5233186957764355,0.4569914571934929,0.4376766617916661,0.9727790754037923,-0.6607566876722737,-1.0,2.8545571078708667
-0.3859717950269369,-0.6769835149336222,-0.06044872638993315,-0.9136836363266829,-1.0,0.059657507300344026,2.0119495167156085
1.0,1.0,0.5428241769602411,1.0,1.0,-0.07147802931559824,-4.331874692453762
-0.9749843579014406,-0.5207626673708335,-0.15181025174794427,-0.6796088525837041,-1.0,-0.4331087509211713,-0.3653114752610925
0.7194118806137096,0.5649725256876412,0.6274306528179422,0.6513487562125844,-0.45407548774816686,0.022121570320101813,1.702509244331591
-0.6920769160886324,1.0,0.922641158386089,0.494008076379874,0.11220249437175722,-1.0,-0.5068536121825422
0.5460607161206744,-1.0,-0.8579145683249052,-0.8360875016386883,-1.0,-0.028915951988291777,5.074110091330373
0.18755341673154724,1.0,0.19126954115621178,-0.5383102668220283,-0.36791148535091467,1.0,5.429361397909467
0.9344800992889826,1.0,1.0,1.0,-0.3450072157123526,-0.031296991010730135,-0.08920823678143588
-1.0,-0.7197429466329268,-0.5909334698608126,-0.1921554332137554,1.0,-0.22724542985105078,0.7094529511381162
-0.24109756857882547,-0.3620596733156285,0.8532504447496649,1.0,-0.22713949484900375,-1.0,2.338323153200426
0.19443517683358125,-0.5176925151815484,-0.029943104403842735,0.14231816508823414,-0.431491337793714,0.6741092946135958,2.1687817839124777
-1.0,0.7430295004929697,-1.0,-0.7810078312887045,0.18508454199825553,0.17950592906064994,0.8799388127332247
0.20570946135666113,0.7329625151109594,-0.17479572425728715,-0.1398076322220343,-0.007474994061835216,-0.35560971884649006,-0.3132599634442515
0.6236910712242566,1.0,-0.45338796230672246,0.6346881699700093,-0.7877220797028066,-1.0,6.085543459986889
-0.6607094613951683,-1.0,0.04520481070361693,-0.1333609149130759,-1.0,-1.0,2.9586395270618455
0.1792294884572463,-0.14350860187450987,-0.6829242705140857,-1.0,-1.0,-1.0,3.601492896455439
-0.3285912677388343,-0.23785669822761835,1.0,0.42643614458312906,-0.5143360916203139,0.31893581864629295,-1.0429689392681023
0.325363481957885,0.4121134899498434,-0.5114114352736395,0.18539822061785258,-1.0,-0.5062074724113959,0.9803003133912679
-1.0,-0.8925799988056835,-1.0,0.4112480145071587,0.9687932655448566,0.9564007537559924,4.728327601355261
-1.0,-0.36736656449760746,-0.5304831977727238,0.4055704071449123,1.0,-0.2549707949694714,2.981736452915224
1.0,0.44791287052070716,0.8506211389533098,0.341796846629258,-0.6252217805750115,0.822217714136368,1.78861144696764
-0.6591766980636589,-0.956397998073756,-0.12856156041705447,-0.008374709280946746,0.33635404213675363,-0.764664733936453,2.7005491487641264
0.3480980941377187,1.0,0.025789615341933803,0.16576734977465768,0.05300305278378957,-1.0,2.205618439043495
1.0,1.0,1.0,0.7438034835031346,0.7521241845343971,1.0,-8.130506744884151
0.3573215426945511,-0.5861984215573462,1.0,0.40950753685911145,-1.0,-0.6294786695629159,3.3361873480163693
-0.40615564618125033,-0.6893748535193704,1.0,-0.4616205798140134,-0.7053628955527393,1.0,-2.634122124107072
0.49794419808915896,0.6946414674445859,0.16165346936049793,-1.0,0.8784089665262753,0.8036284012663798,3.4799589739727548
-1.0,-0.7635373553603897,-0.5268932141774547,-0.24597525646671115,-0.7442779290564625,0.3260747941393619,-1.946549508398344
-0.33051268056113103,-0.47306584942223695,-0.03531264013326563,0.6639849179663595,-0.4301219324508748,0.6927385867399327,0.7592055894183116
0.3483677842322278,0.2094623090270905,0.944692936726084,-0.09193504835886707,0.5607871435567655,0.38347931344102637,-0.34015524494091
-0.6388387046786089,1.0,-1.0,-0.9467524731798074,-0.9991308532349881,-1.0,0.7927166012399958
-0.8589109858690797,-0.042953871040134754,-0.19274900080868074,-0.25002721549540363,0.999723102789082,1.0,6.743530093955906
-1.0,-0.28550121411989027,-0.08886568240818804,-1.0,1.0,0.6411654055523732,4.770713507047924
-0.6430711132669173,0.2947267291104159,-1.0,-0.2753185453162666,1.0,1.0,10.056010778185653
-1.0,-1.0,-0.730144475788757,-0.7758938142754146,0.42756578628774855,0.18293243566690975,-3.5551724553661517
-0.6914023250061352,-1.0,-0.3888753088001029,-1.0,-1.0,-1.0,5.172975306303527
0.3525093894541623,0.3048069486248688,0.8806656964439906,0.2605097444001375,-1.0,-1.0,3.032560528917842
0.061897903200112125,-0.9878817243807456,0.04949848236791132,0.3192970680184821,-0.08068883877444422,0.3515156296078781,-0.2769980401037908
0.44356469454989184,0.9747457352465999,1.0,0.048496775178216045,-0.7268014156449636,-0.8023001325002521,-0.6745566530105946
-0.6513302074473681,-1.0,-1.0,-0.32717079854833186,0.748653918168846,-0.8926414573194235,1.6535438770028335
0.9373539324877602,0.4179278229043524,0.22241939960236512,1.0,-0.6396252527931684,0.0957962806623115,1.9150229522614661
1.0,0.06425716447181506,1.0,0.34549398780192897,-0.2706055823530109,-0.8997326253244233,5.151367731962613
-0.08810769744798386,0.15479004638254823,0.45668215778770904,0.8690721447025533,-0.1126858062949061,-0.18521367967198857,0.22809469932029447
0.4348533623086801,0.22593109038038034,-0.6671550255559193,0.5075228747590094,0.03252390009920923,0.8754505313147233,3.2455746711043227
-0.5662073891909457,0.04254281371878654,-0.9561550523947658,-1.0,0.11246226697649753,0.2535417532325572,-0.6564618238664216
1.0,0.7028991110560598,0.2662248420205655,1.0,-0.492732864651062,-0.7678159197450165,6.749196268594994
-1.0,-0.9469217194965449,-0.7134986505051168,-0.019584274615622954,0.40973506658563386,0.7594265764223227,-0.3217741827994395
1.0,1.0,0.8814239513905633,1.0,-0.23940297684957673,-0.20636298720977364,0.17031698566679954
1.0,0.05708461328422487,-0.5194972436892469,-0.7382858307657608,-0.23671249721111665,0.31257026075730354,1.36987376957434
-0.5430011345970086,-0.890752911054929,-0.248784023730241,0.006204488901774496,-1.0,-0.6787106124294966,-0.5289014430158414
-0.1273129014230639,1.0,1.0,0.49101367262649304,1.0,1.0,-1.5537022386586794
0.5813481931882318,1.0,-0.09187136891904352,0.1681328095932113,-1.0,0.5207326536776584,3.2132381023278866
0.06488199368381631,-0.22638222695665694,-0.9623049285791893,-0.6238339707869405,0.4828020647583048,-0.6364517966845071,-0.48322619508623654
0.6777726376685683,0.23989605686717486,0.18691307339733,1.0,1.0,0.6709515559088057,-0.07580300878136054
-0.32021282886154373,-0.26670898526446823,-0.0278672373493124,1.0,0.1518051120832531,-0.1146330437107631,0.616570022827635
-0.6923374771298623,-0.1091870246643512,0.5240062006975722,-0.10231738929776427,0.17977267715977127,0.18222982357968598,0.06065021379381867
0.49979941816195755,0.27329206685191054,0.4070986215317174,0.6703772951350325,-1.0,-0.985826291010863,6.003157428899552
0.8125771087823856,0.1665662402093031,1.0,0.5494924954652003,-0.5771192975407278,-1.0,6.249166974253524
0.7988015861918296,1.0,1.0,1.0,-0.13227948045341992,1.0,-5.161815451546224
0.31220883859074083,-0.48238144364602986,0.3422107239632647,-0.04979327519352228,0.09086955739234348,1.0,2.7420650250139698
0.7278096151568085,1.0,1.0,0.7591237597923536,-1.0,-1.0,4.498013244175277
0.2512635672425102,1.0,1.0,-0.9813234295579334,0.07643798276699432,-0.4386384579969784,-4.429177513112862
-0.12877219118260985,-1.0,-0.8031059645359815,-1.0,-1.0,-1.0,6.69319633504775
-0.37129118779028797,-1.0,-1.0,0.26062250320462416,-0.36206655642528474,0.2525703180545534,-3.378171966616912
-0.5357674630966665,0.045171742132188,0.8457203545699457,-1.0,0.2634414033680036,0.3533299940266481,-2.1860487768394727
-1.0,-1.0,-1.0,-0.6971782486816911,-1.0,-0.4741669392046065,-2.265398106255656
0.12557519743427123,1.0,1.0,0.10474443313289428,0.5960663819182381,0.01974715508623509,-2.7306797799724296
0.4382000768429712,1.0,-0.6084317455331061,1.0,-1.0,-1.0,8.319239757521668
0.7280023886878473,-0.8227934194802032,-0.8277260313222916,-0.4421619027289839,-0.4778360105099207,-0.08997568804280459,1.7648529497108063
0.3651229027242333,0.9397745825762338,0.6915647223053267,-0.14581476696589069,-0.7665777098043642,-1.0,1.1759838905709974
-0.8547219050323323,-0.7876043439848626,-0.9779969218190393,-1.0,-0.8936200195000241,-0.4170071799264552,-1.0578210654823825
-0.2621564054161104,0.35235606292827426,0.9515555131069012,0.11355217037277632,0.7670066925257086,-0.06798376471104883,-0.28774596083685683
0.29908197200964304,0.7533418123771976,0.15008915513963217,0.4690565228797531,-0.996398483527337,0.7140402809558248,2.179580501086481
-1.0,-1.0,-0.20209802145929667,-0.16081377620910975,-0.4269592102819446,-0.41395924112335497,0.3947675557753368
-0.8778456562785901,-0.3724244988026366,-1.0,-0.4829294558287165,0.24877645883885663,1.0,6.286494795738566
-0.3138777178324844,-0.09899992390439266,-1.0,0.48459096677530517,-0.7707737736171155,1.0,5.144837846065565
-0.3076447471165709,-0.7311162156161926,-1.0,0.3523047516179822,-0.45932702128956193,-0.47697744095282024,-1.99055965073439
0.9689184095981254,-0.33393816775472207,-0.8138600162965958,-0.7819197134397703,0.08641848519971296,-0.6143504250539791,0.5270483075891051
1.0,-1.0,-1.0,0.5916589870907969,-0.6917993354731128,-0.483053840689899,2.5051424647860747
0.8958008436833038,0.09474615062726544,1.0,0.40819134895597764,0.15512476767789568,-0.3139973973353277,0.7211252526818364
-0.5945044245900268,-0.9783072862705611,-1.0,-1.0,-0.9756255749893412,-1.0,4.502915362389187
0.7293913597443392,0.491349434609303,-0.24882789758286736,-0.8543861430572205,-0.5608280179548092,1.0,7.980779356291355
0.18751037859700448,-0.5874150947480155,-0.869352601336636,0.061203228943090826,-0.8686389848111116,-1.0,1.6334351130228497
0.4735028284500825,-1.0,0.5036162359713804,-0.026302255823172027,0.17206266273691798,0.7314741131331565,0.1746283567635168
-0.2050596945988223,1.0,0.777353668120036,-0.5297477482324905,0.8683738180077988,-0.11570598083258199,-0.3482081526591069
0.5332671103917039,-0.04110473146538829,1.0,0.5065920110426669,0.20733238932298748,-1.0,1.1823140529714662
-0.4268283006041398,-0.8504969359894479,-1.0,-0.20983706060320007,1.0,1.0,5.123157976969986
1.0,1.0,0.8532727163770246,1.0,-0.9161004368736978,0.7396732694380896,2.132766374296355
1.0,0.3144231979460379,1.0,-0.33855280196450854,-0.18342930306294689,0.8786726489359857,-0.6720166632067478
-0.45619684428202245,0.19258071364815132,-0.005794783763471756,-0.3511985007381888,-1.0,-1.0,-0.4933759285612974
-0.263731697195017,-1.0,-0.9477494357085888,-0.0008477853127708546,0.05971856403328957,0.01630335853076126,-2.1902490688606777
0.23506658739087843,-1.0,-0.5717343556032674,0.18828526491272135,-1.0,-1.0,3.6720884676989627
-0.6829634939970874,-0.5421599057917195,-1.0,-1.0,0.4811952581239495,0.6052540547304862,-0.22516965218180568
-0.7578623697232671,0.6509796944177746,0.14690182013523578,-0.23730689799325966,1.0,-0.16054535887945268,2.6049781649175854
-0.030863445322481087,0.5557579106857162,-0.6208447717825314,0.34751002667254327,-1.0,-1.0,1.4450751543125013
-0.16642070621277383,0.985543312689981,-0.4244027248769429,0.34013063597776694,-0.9572632697960279,-0.19482817743194625,0.505217171594908
-0.9539121095267101,-0.14739581173240418,0.0919509163138488,-0.04592937695184596,1.0,1.0,4.765046799302483
0.9091444807461277,1.0,1.0,0.44925521652649036,0.45724245139420416,-0.4207098344423577,-3.128770655186912
-0.8854039977552783,0.49635674074944813,-0.06255100746890813,0.12687167231822735,-1.0,0.6877158766666243,-1.5293031988988959
0.6510881377474098,1.0,1.0,0.5287684173076133,0.24187156457799242,1.0,-4.929774908113509
-1.0,0.3563599615115991,-1.0,-0.6619293531713633,0.2554260914434845,0.8206533753172045,6.042796939752881
1.0,0.819633602027051,0.5036341741178304,0.2877355964207368,0.08996457396503788,-0.8507651888473482,2.0153659722880417
-0.21512732440103344,-1.0,-1.0,-0.1605485626847314,-0.43368528328990774,0.09836553208190546,-2.9854921012984796
-0.9185725059012175,0.6075184855722351,0.9582287151137376,0.7505436846166645,-0.9871160211995622,-0.3595673111867095,-2.206485445546296
-0.09880976230206273,-0.503547912553126,-0.6170741017387742,0.347245115860786,0.1617151966544903,-0.4026392953089367,-0.1225230070059915
-0.3991290761581061,-1.0,-0.8701594828631454,-0.14845168200632863,-1.0,-0.9971669333959002,1.2182275378956802
0.318403182566528,-0.028404602656699418,0.7091028411036627,-0.023449975636033016,-0.44378463097968,-0.9696890799005087,4.291113551576376
-0.12064238674458094,0.4457141206001708,0.7311841076863194,-0.00108000016494747,0.3378755888516799,-1.0,1.7128188766420558
-1.0,-0.161901881528417,-0.11754943303670483,0.10818040994580742,1.0,1.0,6.068816840596957
-0.3244184499899676,-0.17612731707676954,-0.2952842639753485,-1.0,-1.0,-0.8969400835436128,1.440795223863832
0.1931279298512285,1.0,0.9073802477306934,0.11996447044660274,-1.0,-0.9302562944154185,-0.9831124677774095
0.8550079605467383,0.5271425828219837,-0.05068810072729252,-1.0,0.1662962225909032,0.4899006098215971,0.48897715505240513
0.05088974807772252,-0.20089872688730281,-0.15277104523206075,0.8192219301205821,0.12587790209668032,1.0,3.364819257935594
-0.4875972333182368,-0.285861468943163,-0.33361356684981575,-0.22518773120452362,-0.43406805126751435,-0.6631051982520015,0.22563128999600926
-1.0,-0.5466372793242451,-0.115890334266187,-0.8150995378949133,-0.19350159176274062,-0.11456402999668197,-0.5959115318429226
0.820145960253582,0.5289254168245553,-0.5441602567807511,-1.0,-0.6844041237400444,-0.7394056830244651,3.1567567515556196
0.5125209986676251,0.9700267374107046,0.9502440256804201,0.46902557513606635,-0.5372394676291423,0.3168393228264801,-1.3778055487616867
0.8384779899336308,1.0,0.6559025372404996,-0.5829660590561544,-0.15006844569830707,-1.0,1.4383476345208082
-0.37156103172585486,-0.5040591508849119,0.8747994104164061,-0.2499996206251931,-1.0,-0.20347436142934383,-1.3439711546449424
-0.37265662864758603,-0.7581997006193355,0.7870932143766846,-0.8738905775284085,-0.727964972307911,-0.7943079635673593,3.621096620518628
0.039878101514586324,-0.6125187170313297,0.4508663215365049,1.0,-0.4025014811142166,-0.12204714085483981,1.0856581921822803
1.0,1.0,-0.09763507620117295,0.42788157460344556,1.0,0.6981132335512961,-0.08310041542209584
-0.03377995405576817,-0.8218890453246729,-0.0010495807822089448,-0.18532650420597507,0.41400752045283445,-1.0,3.4874078067173744
0.22634653382965686,1.0,0.7480346053122389,0.3609268054532073,0.7913022273163187,-0.4891364192037503,-1.7715386257083805
-0.860494572372654,0.1947497572107861,-0.6258236025294072,1.0,-1.0,0.47775759141105434,-1.4977765783755423
-0.2953226847652594,0.39639959689947224,-1.0,1.0,-1.0,-1.0,2.1528909830173792
-0.6949435953999638,-0.8839611654819433,-0.4260491945531094,-0.06876045877586151,-1.0,-0.6762653222604129,-0.9273027075304114
-0.02175574236786737,0.353509319040151,1.0,-0.8177787675628079,0.30035765927654884,-0.5977000061049489,-0.8023096975049555
0.3735581837022682,0.044629658941243044,-0.42489559119196796,-0.02636007637288587,-0.15309252334660484,0.42134621964993935,1.237349375354924
-0.5947548993684177,-1.0,-1.0,-0.5930951582757729,0.05066101759986674,0.6578435596291211,-2.5723889663558293
0.20120584729444013,1.0,0.20860945120873664,-0.5211011496443066,-0.8558322978706712,-1.0,1.0233182911210699
-1.0,0.16806939910462887,-0.9410388034705662,-0.42906414966977374,1.0,1.0,9.115882589914522
-0.34087658700172035,1.0,-0.3417437369409724,0.19619172581981503,1.0,1.0,9.321292907548294
-0.7070284544958759,0.4210125496382683,-1.0,-1.0,-1.0,-0.1108658434906262,-1.4982029444549323
-1.0,0.7607302781793346,-0.4043642485053669,0.2820134039073122,-0.5586086747523222,-0.4761934997607188,0.04667199551416079
0.6617308823159908,1.0,0.6375460685720556,-0.2946185959705455,-0.7068467031225174,-0.17972069491599418,0.20892789320147415
-1.0,-1.0,-1.0,-1.0,0.33654996207384946,0.9992797362063508,-1.877288343064032
-0.788586718187924,-0.6475286619739167,-0.09730475489436963,0.6059265233736324,0.30639964582351187,-1.0,4.509535669551909
-0.14080115152717404,-0.8571820254445713,-0.013286689613569047,-0.007229068873077782,-1.0,-0.7386500824470285,1.231076859346084
0.7321302044662199,-0.9173870795171146,-0.637298750658216,-0.3545627559463615,0.40210397348125637,-0.1853049274754771,-1.438155250378251
0.07075608599860006,1.0,0.12173913690087534,0.25828642805287316,-0.0013084733421777628,-0.1358979513424039,-0.5002460886746314
0.3824535432333467,0.5510735548538059,0.3787466707971747,0.5258130631170537,1.0,0.7208130214511999,0.988746003682348
-0.6146145821587147,-1.0,-0.09777095834724447,-1.0,-1.0,-1.0,7.185063816811272
-1.0,-1.0,-0.5401546729792338,-0.8406050958620779,-1.0,-0.9587021052899114,3.8944255245698907
1.0,1.0,1.0,0.16244422231348055,-0.07997188729969043,0.43854576060594064,-2.705133612526021
0.4575011393070201,0.2748246810845323,1.0,0.21469968570971615,-0.6311373013851738,-0.9133726742868892,1.9833579301260755
-0.8712512476670162,-0.7787189434907273,-0.623345944734703,-0.8819864430727784,-1.0,-0.37871952676965903,0.6968824489465008
-0.5259257131958297,-1.0,-0.234830708589307,-0.7474648350651731,-0.6014561314267274,-0.74216327712444,2.821097667446391
1.0,0.8605506428437935,1.0,0.43633530639657736,-0.36222264771883556,0.35158707977622106,0.28673829459300393
-0.6803924714866151,-0.33546471723376414,0.4795303351191017,-1.0,-0.07289902933535657,0.5344438194082108,-1.5986684302301128
-0.6978508257449342,-0.9382390448897832,-0.5610065184433091,-0.6109448762296008,0.7038199593109606,1.0,1.483387743331521
1.0,1.0,1.0,-0.2726837617009556,-0.8726979221683353,0.9410768087732115,0.5678869259648057
0.9646972416346814,0.152083215158399,0.17898342698877712,-0.1864670494902741,-1.0,-0.48280025612800076,3.514321137123403
-0.4928462903880304,-1.0,-0.06378683807214558,-1.0,-0.2126288633694592,-0.2473303946384759,-0.5622270438255768
0.6583718898416085,-1.0,1.0,-0.4992372338144062,-1.0,0.5142734216835634,6.1470668912434006
-0.4228529586998453,-1.0,-0.5025649142112762,-1.0,0.8398293532243661,-1.0,5.411687695859397
0.26844310859427317,-0.08390698950327136,0.03595238099918313,-0.24863081436823797,-0.08013971545098597,0.9074004620449589,1.5387712717763085
-0.7315093433171913,0.26316720203967336,0.664626575032624,1.0,0.7798978039120112,0.21278870269945552,0.7317822161543927
-0.337424303408037,0.825893522332581,0.10574379202731155,0.20816116717055366,-0.6955102818130504,-1.0,1.6816811411497965
-1.0,-1.0,-0.9974300861749444,0.19018929688044972,-0.49873590487158764,0.8253580075749478,-1.0652845324515645
-0.01590043975372081,-1.0,-1.0,0.569407696657195,-0.44906811363569804,-0.6461835262891068,-1.7489014584728269
-0.8744730256901195,1.0,-0.6693718254241213,0.2707259677661159,-0.10373686426651407,0.3788506059565563,1.9597313797608855
-0.39056068920793774,-1.0,-1.0,-0.6714721944256026,0.9092867874645696,1.0,1.3797194422370125
-1.0,-0.07642719719423652,0.07587943270026598,-0.206358270480278,1.0,0.9555542972579039,4.783816431337703
-0.11266129873729072,0.09984968415816937,-0.7888060878688475,-0.46948474809077956,-1.0,-0.9058138801513504,0.2018777464735948
-1.0,-1.0,0.7435858949000567,-0.9427170860046984,-1.0,0.5996341941905867,-1.6470180981641462
-0.8220872550827971,-0.3980195008025068,-0.3533133224681541,-1.0,-0.4078838893709915,-1.0,3.154814287278919
-0.9386712600585305,-1.0,-1.0,-1.0,0.14950308108908061,1.0,-2.5629806947670097
0.5316726630467081,0.6396573070868934,1.0,1.0,0.893706843216777,0.4600249755515395,-6.627449061803251
1.0,0.9889192845997101,0.18848468634365179,1.0,1.0,-0.678792020917221,0.07728050859938684
-0.9178009320070287,-0.6628258770508069,0.024341100536329097,-0.8354437145501722,1.0,-0.8512752873650113,7.460911353017123
0.17372542114802048,0.3711789006489022,0.36167259563082965,-0.25914678874060293,1.0,0.08748462187155925,0.4222915375128805
0.3229893895077677,0.9496092488143426,1.0,0.13678087415721296,1.0,0.3277342676593986,-2.408420020483347
0.39204556501932775,0.8986859097116873,1.0,1.0,-0.2561390980549752,1.0,-4.080923127380081
1.0,0.563112503678506,-0.4921584119940488,-0.15574459909785066,-0.4364270707518241,0.6373414598984783,3.9934963762310858
-0.7231941863878182,-1.0,-1.0,-0.5947666845386081,-0.3647837540460399,-1.0,3.6149373732188277
-1.0,-1.0,-1.0,-1.0,-0.7738137203391232,-0.648692550982966,0.03984387630853925
0.7218223562253194,-0.25522251118283434,1.0,1.0,-0.30892515021327616,-0.0509569517495313,0.46633619430129314
-1.0,-0.19580643939633738,-1.0,-0.7036987985103109,-1.0,-0.10740793309176672,-2.8847210626461757
-1.0,-1.0,0.16583319364844584,-1.0,-1.0,-0.2477516596456233,3.5247096511497804
-0.21420016363542316,-0.8405878511229175,-1.0,-1.0,1.0,-0.5446822832974082,-1.1333128338524534
-0.22225812854355728,-1.0,0.45554288950169125,0.655909282887208,-1.0,-0.2554839656106258,1.9897429296007705
-0.2543623430799874,0.2724879804796382,-0.7326841063585501,-0.09594058439454844,1.0,1.0,8.383085630621869
1.0,0.5384076578670123,0.5896518583372707,-0.5542182936208522,1.0,1.0,-0.4758698214231545
-1.0,-0.6555370807497705,0.5627838053802849,-0.35773037790123574,-0.3257484032765606,0.09486660476263589,-0.7945619650346849
-1.0,-0.04230807757756616,-1.0,-0.46625674318144705,-1.0,0.2649199752500663,-2.3722087410264794
-0.33290939288846877,-1.0,0.3179416563784401,0.03586843886579156,0.12943760694991335,0.5766757487542313,0.4489377689792401
0.4360759929472938,0.9581219298043852,0.8380922549887837,1.0,-0.06771254775260956,-1.0,2.43042920350918
-1.0,-0.8909681224773381,-1.0,0.4049150952861632,-0.20837577268424945,-1.0,3.325055416623286
1.0,0.540291115847804,0.3724398148247625,0.08797068583588288,0.3130212764165481,0.7842397531030572,0.47621895824201
-1.0,-1.0,-1.0,-0.37720453736429915,-0.7394279866484641,-1.0,2.3928769592264363
1.0,-0.10110354112824083,0.7441749695861297,0.026941786598734113,0.12864490905897558,0.68300076676387,-1.2083937463438743
1.0,-0.5936193382017666,0.07292952358440441,0.5446879968962836,-0.614737139395323,-0.3825444018001728,3.466882712508332
-1.0,-0.012772400862501546,-0.136048928745438,0.44073044096187924,-0.40717777747724904,-0.4001762439595663,0.09181844885434609
0.5362700456605579,0.33604443928002053,-0.0934189646001376,1.0,0.38299520960775313,-1.0,2.167981712292967
1.0,-0.06510259754003563,-0.06337028358520641,-0.0006584527473917079,-1.0,-1.0,7.553114618699324
-0.3005883696021998,-1.0,0.6374324925944092,-1.0,-1.0,-1.0,9.38191722244664
-0.18339216306846357,0.8394929522749823,-0.256799372396154,0.32060328437142915,1.0,-1.0,3.3358956250120118
-0.7060642343785251,-0.26335375663256755,-1.0,-0.12309852518059361,-1.0,-1.0,1.243030595365173
0.502327308058216,0.18555060594473716,0.35949723036793135,1.0,0.17613388530011598,1.0,2.5318675592105313
-0.8291297871316026,0.027168575549917695,-0.6902487686326922,-0.8434156635114177,-1.0,-1.0,-0.3514656217196538
0.04604839070145539,-0.14693212832810754,-0.3520142054647505,0.8695504997672642,0.8135757777296047,0.7739408035879765,2.9080262864765474
-1.0,-1.0,-1.0,-0.3698211858222301,-1.0,-0.2165357543102504,-5.88049829033864
0.040086641854613525,1.0,0.6769305437623103,0.7483141494056427,1.0,0.7699455831942372,-1.9975976773851265
-1.0,-0.37855570924594395,-1.0,-1.0,0.47880878157920403,-0.34017767379136565,-2.0398161349587114
0.5908322669352848,1.0,1.0,0.25808128252696805,0.2669633434309604,0.22896801322102178,-2.514663604407758
-0.5396976665041061,-0.6160897052727712,-1.0,-1.0,0.9333508758566278,0.7151884459672019,0.24939007465930696
-0.5522831442275237,0.4667956150477153,-0.8583720748276167,1.0,0.8038396062754474,0.01583900361521473,-0.4947483398514063
1.0,0.2653480706882896,1.0,-0.7085362874382467,-1.0,0.044853820838145375,4.258198283582726
1.0,0.2595263368386076,0.4642287178826332,1.0,-0.3608435404859862,0.049361546760235964,1.9684222846614774
-0.48975981623762177,-0.5456725261983546,0.5281973885684053,-0.40210919253940164,0.9761779223311238,0.7953767010232151,0.9682655686083099
-1.0,-0.2392309702191769,-0.649945733123577,-1.0,1.0,1.0,7.441807793735786
0.34962456781052426,-0.829439792797676,-1.0,-0.8890002560176458,-0.15707000076626265,0.9424958329787588,1.434320857366451
0.8483966563831676,-0.30929381221875646,-0.7897380643309362,0.9723381802060524,-1.0,-0.41493081225480244,2.9720296246282585
-0.512078803019285,-1.0,-0.35736779927397533,-1.0,-1.0,-0.6899813120860918,5.333042822188183
0.6078413022064915,0.4727649588036063,0.5244746443604202,0.8114622205741172,1.0,1.0,0.9414985520809162
0.4374973466471976,-0.20849824383669413,0.8100097111300361,-1.0,-0.9113322875051063,1.0,2.7793246544877737
-0.09061803811289515,-0.04855906233907992,-0.6399312047884838,-1.0,-1.0,-1.0,0.9371635356104033
1.0,-0.320217791423702,0.5283052581538205,-0.05164335769856132,0.2797653984766676,0.9920524665787884,-0.32223111569077634
0.41586578784553024,-0.07289822437891269,0.6290089086931299,0.14167608339111804,0.42724144272018816,1.0,-0.15254596904774886
-0.8189141249201909,-1.0,-0.57230958089929,-0.4783702213537806,0.3620108604265686,-0.10828608262933281,-0.17409158361905264
-0.0318312999960878,-1.0,-0.014150935384081409,-0.34826515350753084,-0.35571667304167076,-1.0,3.987646691259129
0.3015335644837367,0.08294977342144494,-0.16215848773023053,0.2556469020775055,0.9970703476550468,0.03754047934593222,0.4683129306967664
0.5337324203030261,0.2797939041717801,1.0,0.09367072644956065,-0.7147035066756704,-0.3998986950725034,0.8273050602834991
0.5108871239958807,1.0,1.0,0.4375319093671506,1.0,0.5791830918922272,-4.7903284357408635
1.0,0.40964642853576794,0.5763264679194019,0.5196579066365385,0.05024242262252694,0.9027782025404959,0.814711059980921
-0.22070430272440253,0.18400402852754402,1.0,-1.0,-1.0,0.18910907353395456,-1.0596421927763555
-1.0,-0.6474227364141507,-0.49090684462684764,-0.6916676932121115,1.0,1.0,5.037845080454149
-0.3481944565504991,-1.0,0.8691511175546267,-0.4613010718880977,0.4559809617402868,0.13225395251226457,1.737031211325066
1.0,0.6242119362728713,0.0629152239107289,0.4190490933431801,0.07838615642367455,0.7836731319722583,0.8549136608605474
0.5871936125104601,0.36588942295475146,-0.17078458544870917,0.09720210847692135,0.9763815184063457,-0.004928421033461694,-1.5098517307163977
0.3605521604117127,-0.01167688933805866,1.0,-1.0,0.45252705725334796,0.09625316240080388,-1.3138846651730978
0.1547831066990103,0.05224732382572239,0.062209662158462575,-1.0,0.033407841529911705,0.33372640179378743,0.8425914127668132
1.0,1.0,0.7205871785275563,-0.11658949797276752,-1.0,0.6791152794236475,2.0793932712614622
-0.8537605809871909,-0.3207639137058147,-1.0,-1.0,-0.2350823786161218,-1.0,4.006595317102639
-0.8270790799572385,-1.0,-0.13442048841801102,-0.366599473683072,0.5444001739416096,1.0,1.609704266543098
-0.12452339408660873,0.012249149261090442,0.1644333856697417,-0.4110398548954656,0.45843363613116506,0.4537648067007101,1.0948360400209178
-0.13763207899227275,-0.10772468374666011,0.23158320077138594,1.0,1.0,-0.28651279471881197,1.7690225254864278
1.0,-0.28755722684903096,-0.12662103722803197,-0.5847845966946786,0.5765388032544967,0.004559987280269628,-2.2627286297434024
-0.8126686907320498,0.18770182868355767,-0.5770495953220947,0.28628756640494735,1.0,-0.4387318669983661,2.0009286635634407
1.0,1.0,1.0,1.0,1.0,-0.07955693361063268,-8.762185525176701
-0.7938250752251854,-0.11059522165495594,0.7263052827228194,-0.20740837720391186,0.9109885430538123,1.0,1.2188154566928118
-0.8553170822830158,-0.191903442897569,-1.0,-0.8459290544839917,-0.9373190019210198,-0.8647388249519157,0.23656125060189948
0.1444407858963338,-0.7190889526737069,-1.0,0.5990698910865405,0.851264788062011,-0.5725551386525087,-3.1377996067032607
0.6769634487162906,-0.05774261261068124,-0.8070983402700943,-1.0,-0.26111474753984243,0.13394591629613542,0.23031138300742915
-0.06163864667535557,-0.8005545398377238,0.16390754694008958,-1.0,1.0,0.7764178674238745,1.273528968213284
-0.06518835888607444,-0.8875588243892782,-0.40916737061735087,0.43474326254041296,-0.9084217185415838,1.0,2.710402863296907
1.0,0.7105576164577849,0.9195627613452992,0.9678080253792776,0.8934264098391878,-0.06224887836869697,-5.552385216526527
-0.008614735000927354,0.11639087732600861,0.9514391317115911,0.05188402976658968,0.5651605706165299,0.1450003323408705,-0.34666556713792795
-0.45016672261998425,-0.8221859293380865,-1.0,1.0,-0.6105803441420654,1.0,4.157634580120021
-0.7959155311506321,-1.0,-0.4999541487121848,-0.5084439182020601,1.0,1.0,2.474730216065632
-0.32021356795051004,-1.0,-0.23125064924510852,-1.0,1.0,0.8547545285476745,0.04270030834343436
-1.0,-0.6673895223459156,-1.0,-0.7927105434170755,-0.32779893232154667,0.5268812277605014,-2.407205806281453
-0.404561168117551,0.8183149534300442,-1.0,-0.04494204232441801,0.30221914615587836,0.14447143671474472,2.3676765355042773
-0.9956452456996827,0.401857486302052,-0.06608396287572993,-0.274976677819205,-0.10676251310753426,-1.0,2.3416250092111204
0.3751065047206043,-0.9335661060383582,-0.12022684445715737,-0.47109839024212263,0.24829950265049838,1.0,0.3999014555547725
-0.14115799814613378,0.5972843090534273,-0.15473855884657395,0.22108021830626737,-0.764310384480297,0.2130302458195482,0.15304416888971237
0.6134499663305748,-0.5147305027908169,1.0,1.0,0.6152623356952698,0.4154454194446122,-2.520101464987546
-0.1620268343970972,0.18530358402211422,0.45477383680134237,-0.03881573126135773,-0.8810151020540746,-0.38586336635950114,-0.3964499263606881
0.8212782364645868,0.3223384785327319,0.5718673625715461,1.0,1.0,-0.8436646950538058,-0.15501052554996064
-0.46088295400308865,-0.7498077880386202,-0.31428299044106867,-1.0,1.0,1.0,3.4003405885975004
0.28278508323727114,0.768260788301027,-0.5181560028153909,-0.4309465390466443,0.7785854265960401,0.19508607996317706,0.3130874785880593
0.21328528045685857,-0.815620337985149,0.07172200196839229,0.2971544410707132,-1.0,1.0,5.291529334920012
0.026878214019585733,-0.3338691956345878,-0.3168599140536609,1.0,-1.0,-1.0,2.477342711550628
1.0,-0.010051908938509602,1.0,1.0,1.0,-0.44045683443887895,-4.581102753779789
-0.5746531706996431,0.6106937814421258,0.13173483828835386,-0.48316846860088025,-0.31858117487259685,1.0,2.9549484522809495
0.9944265749847436,1.0,-0.09249053210266855,-0.1386218376388495,-0.8500672377806537,-0.9700283297162279,5.669624675595176
-0.4682751829861356,0.518804061997874,0.7851983476613189,-0.11588771772422402,0.20623461938507393,1.0,-0.36859194541340423
-0.376282231485621,-0.15847631760919922,-0.03757588103380949,-1.0,0.6014176592314607,0.466847016507423,1.9413635195244983
0.642900278658264,0.7198170539623736,1.0,0.02782852197124952,-0.3736045871188814,0.050929534934241016,0.004037364092189105
-0.5899713242759705,-0.3117521480045221,-0.7089593903677796,-0.3415039546827512,-0.3525686802487443,-1.0,2.3613662580347228
-1.0,-0.6499997219114998,-0.45479160157816767,0.922857059114369,-0.6461371037387926,-0.28010735788125823,-1.8932478930518861
-0.5464469167239523,0.5151785387639254,0.8719427122061681,1.0,0.1181837254183298,-1.0,0.8317214042943697
0.08982938086487069,0.9192588919824864,0.15795506447463806,0.18329172311280706,0.645289533610576,0.17852797322883773,-0.878947065278519
0.7334487566568129,-0.7883284403150481,-0.7970911989637764,-0.41598959543454495,1.0,0.8465581801417549,-2.7328443409914445
-0.02632485477097221,-0.10145301011657504,0.09686932098341894,-0.7898506596585151,-1.0,1.0,5.736053166539905
0.8554247924498022,0.8314186209724584,0.843205611880962,0.3743153737893482,1.0,-0.16757835082364392,-2.3556713493102137
-0.640585380612612,-0.7194672510271802,-0.8251417346904655,-0.6689871911055602,-1.0,-0.5448397887865927,-0.12452039422345182
1.0,0.9370364287605524,0.37118286446767307,0.7909609736341146,1.0,0.5714840088789703,-4.1309745539694
1.0,1.0,1.0,0.13241009917625873,-0.6608821133492095,-0.3317178195037431,1.1696446244896002
-0.15986138290694285,-0.3310687093599298,-1.0,-0.9422292929480767,1.0,1.0,5.728480193410079
0.2947166975192993,-0.5434749077847885,0.03727664225136834,-1.0,-0.7039270689736866,0.21078936696269057,2.066032573144735
-0.1322097770824639,-0.7979730173094302,-0.30209612337067815,0.5911794987852556,-0.6175624702916832,-0.5998341132628467,-0.0676269819251814
0.8847436668696596,0.06456800956588693,1.0,1.0,0.16784925175451604,0.524211430658561,-3.035907904787003
-0.34271773985830306,0.6906907037869167,-1.0,-0.28453011906674475,-1.0,-0.7014014720352203,-1.900335677726169
-1.0,-1.0,-1.0,-1.0,0.04990187293381443,-1.0,3.5739807561665495
0.06779851703140283,1.0,1.0,1.0,-0.06951364854609826,0.24801936203010308,-3.5065821235613925
1.0,-0.7297811801030156,-1.0,-0.9742358439876205,-1.0,0.3814793500220806,8.622824507468719
-1.0,-1.0,1.0,-0.663649049355677,1.0,-0.028333731752548053,1.52113775102868
-0.03171014489950519,-0.9599299463842415,-0.3170019150818313,-1.0,-0.006434256818501627,-0.6500194148424747,3.026655714905646
1.0,1.0,-0.08622201292105969,1.0,-0.5204439889490604,-0.4609675959943703,5.434778041501059
-1.0,-1.0,-1.0,-1.0,1.0,-0.9068476070411902,0.419367234702565
-1.0,-0.3311844427937307,-1.0,-1.0,0.011761627790245699,0.5435068833525414,-0.46908186876889213
-1.0,0.04233139361822047,-0.9840352775937251,-0.17385778690955067,-0.9819542238684983,0.6246206623217121,-1.1625041636776918
-0.24713883662217984,-0.34600262936094817,-0.33003534783294963,-0.1653689716389808,0.6563208879788491,0.687215509399115,2.0681189058141367
1.0,0.08206158672885788,0.7546839800734151,0.047145506233814416,-1.0,-0.38741812845526963,5.348848603581972
-0.022791110418991734,-1.0,-1.0,-0.0906127558963794,-0.1497943754520914,-0.49410400887567707,-1.2008998263506832
1.0,1.0,0.9787190045744389,1.0,0.32232014079901894,0.8967000554150082,-7.177778012922178
-0.9560278981902466,-0.28035906905546826,-0.2971080544385116,-0.5781824439259704,-1.0,-0.65679799278614,-1.3233152801899941
0.36436239373941315,-0.01296542540391854,0.009176761480643947,0.7225183770245409,1.0,1.0,3.5997441822610976
-1.0,-0.6732028273992198,-1.0,-0.6425621420482572,-0.26869918127466463,0.9987137140740847,3.8368056066004925
-0.7757474530497734,-0.3945189002123035,-1.0,-1.0,-0.9188408124328109,-0.7074383599922685,0.6223955968549202
-1.0,0.9538475375216269,-0.7305574597012692,-0.7410761259279322,0.14980015303353,0.7827612950846179,6.0234119388373255
-0.2278898693911959,0.8863205092953783,-0.125008984519424,-0.0064161823609745205,-1.0,-0.7818126910615877,-0.7956235490687527
0.6052247897423606,0.7423315395926096,-0.3290635992072511,0.07540116744329595,0.8080375926811885,0.556647157960277,0.6707984024705506
0.6683756758849735,-0.28694723392231075,0.8263184208411758,1.0,0.17612687138572913,1.0,-1.2226453090131761
-0.4831513816209555,-1.0,-1.0,-0.38056453526969936,-1.0,0.47552737782492127,-2.095602258294232
0.29493109593434363,0.005898693587726933,0.3305478112097189,0.06694749762314722,0.7219475939098869,1.0,3.0663678251259334
1.0,1.0,0.5780989481989529,1.0,-1.0,-0.5750076777444763,7.407982220228707
0.12029828662882192,0.023254974951398055,-0.23252666958167184,1.0,-0.5805875642194567,1.0,3.1603540220628594
1.0,0.565097006163594,0.9999316456849875,1.0,0.34036524518151157,-0.4407698682834428,-1.3127486118372416
-1.0,-1.0,0.45229096370526733,-0.599536445049325,-0.2827054543101484,-1.0,5.519758272228612
0.4998915258428758,1.0,0.4147932288908317,1.0,-0.19085143382022274,-1.0,5.370906061080737
